[
    {
        "block_num": 2,
        "trial_num": 19,
        "training_object": "TROBJ13.JPG",
        "new_object": "NOVOBJ19.JPG",
        "heard_at_test": "tram.wav",
        "trained_label": "tram",
        "misp_label": "dram",
        "novel_label": 998,
        "corr_answer": "training_object",
        "condition": "corr",
        "exposure": 1,
        "novel": 1,
        "trial_type": 1,
        "heard_at_training": "tram.wav"
    },
    {
        "block_num": 2,
        "trial_num": 20,
        "training_object": "TROBJ14.JPG",
        "new_object": "NOVOBJ20.JPG",
        "heard_at_test": "doIp.wav",
        "trained_label": "toIp",
        "misp_label": "doIp",
        "novel_label": 998,
        "corr_answer": "new_object",
        "condition": "mis",
        "exposure": 1,
        "novel": 1,
        "trial_type": 2,
        "heard_at_training": "toIp.wav"
    },
    {
        "block_num": 2,
        "trial_num": 21,
        "training_object": "TROBJ15.JPG",
        "new_object": "NOVOBJ21.JPG",
        "heard_at_test": "tof.wav",
        "trained_label": "tof",
        "misp_label": "dof",
        "novel_label": 998,
        "corr_answer": "training_object",
        "condition": "corr",
        "exposure": 5,
        "novel": 1,
        "trial_type": 3,
        "heard_at_training": "tof.wav"
    }
]