[
    {
        "block_num": 4,
        "trial_num": 57,
        "training_object": "TROBJ39.JPG",
        "new_object": "NOVOBJ15.JPG",
        "heard_label": "taes.wav",
        "trained_label": "taes",
        "misp_label": "kaes",
        "novel_label": 998,
        "corr_answer": "training_object",
        "condition": "corr",
        "exposure": 1,
        "novel": 1,
        "trial_type": 1,
        "heard_at_test": "taes.wav",
        "token_num": "",
        "token_label": "taes.wav",
        "heard_at_training": "taes.wav"
    },
    {
        "block_num": 4,
        "trial_num": 58,
        "training_object": "TROBJ40.JPG",
        "new_object": "NOVOBJ16.JPG",
        "heard_label": "dib.wav",
        "trained_label": "tib",
        "misp_label": "dib",
        "novel_label": 998,
        "corr_answer": "new_object",
        "condition": "mis",
        "exposure": 1,
        "novel": 1,
        "trial_type": 2,
        "heard_at_test": "dib.wav",
        "token_num": "",
        "token_label": "tib.wav",
        "heard_at_training": "tib.wav"
    },
    {
        "block_num": 4,
        "trial_num": 59,
        "training_object": "TROBJ41.JPG",
        "new_object": "NOVOBJ17.JPG",
        "heard_label": "voIn.wav",
        "trained_label": "voIn",
        "misp_label": "ZoIn",
        "novel_label": 998,
        "corr_answer": "training_object",
        "condition": "corr",
        "exposure": 5,
        "novel": 1,
        "trial_type": 3,
        "heard_at_test": "voIn.wav",
        "token_num": "",
        "token_label": "voIn.wav",
        "heard_at_training": "voIn.wav"
    },
    {
        "block_num": 4,
        "trial_num": 59,
        "training_object": "TROBJ41.JPG",
        "new_object": "NOVOBJ17.JPG",
        "heard_label": "voIn.wav",
        "trained_label": "voIn",
        "misp_label": "ZoIn",
        "novel_label": 998,
        "corr_answer": "training_object",
        "condition": "corr",
        "exposure": 5,
        "novel": 1,
        "trial_type": 3,
        "heard_at_test": "voIn.wav",
        "token_num": "_4",
        "token_label": "voIn_4.wav",
        "heard_at_training": "voIn_4.wav"
    },
    {
        "block_num": 4,
        "trial_num": 59,
        "training_object": "TROBJ41.JPG",
        "new_object": "NOVOBJ17.JPG",
        "heard_label": "voIn.wav",
        "trained_label": "voIn",
        "misp_label": "ZoIn",
        "novel_label": 998,
        "corr_answer": "training_object",
        "condition": "corr",
        "exposure": 5,
        "novel": 1,
        "trial_type": 3,
        "heard_at_test": "voIn.wav",
        "token_num": "_5",
        "token_label": "voIn_5.wav",
        "heard_at_training": "voIn_5.wav"
    },
    {
        "block_num": 4,
        "trial_num": 59,
        "training_object": "TROBJ41.JPG",
        "new_object": "NOVOBJ17.JPG",
        "heard_label": "voIn.wav",
        "trained_label": "voIn",
        "misp_label": "ZoIn",
        "novel_label": 998,
        "corr_answer": "training_object",
        "condition": "corr",
        "exposure": 5,
        "novel": 1,
        "trial_type": 3,
        "heard_at_test": "voIn.wav",
        "token_num": "_6",
        "token_label": "voIn_6.wav",
        "heard_at_training": "voIn_6.wav"
    },
    {
        "block_num": 4,
        "trial_num": 59,
        "training_object": "TROBJ41.JPG",
        "new_object": "NOVOBJ17.JPG",
        "heard_label": "voIn.wav",
        "trained_label": "voIn",
        "misp_label": "ZoIn",
        "novel_label": 998,
        "corr_answer": "training_object",
        "condition": "corr",
        "exposure": 5,
        "novel": 1,
        "trial_type": 3,
        "heard_at_test": "voIn.wav",
        "token_num": "_7",
        "token_label": "voIn_7.wav",
        "heard_at_training": "voIn_7.wav"
    },
    {
        "block_num": 4,
        "trial_num": 60,
        "training_object": "TROBJ42.JPG",
        "new_object": "NOVOBJ18.JPG",
        "heard_label": "kluk.wav",
        "trained_label": "pluk",
        "misp_label": "kluk",
        "novel_label": 998,
        "corr_answer": "new_object",
        "condition": "mis",
        "exposure": 5,
        "novel": 1,
        "trial_type": 4,
        "heard_at_test": "kluk.wav",
        "token_num": "",
        "token_label": "pluk.wav",
        "heard_at_training": "pluk.wav"
    },
    {
        "block_num": 4,
        "trial_num": 60,
        "training_object": "TROBJ42.JPG",
        "new_object": "NOVOBJ18.JPG",
        "heard_label": "kluk.wav",
        "trained_label": "pluk",
        "misp_label": "kluk",
        "novel_label": 998,
        "corr_answer": "new_object",
        "condition": "mis",
        "exposure": 5,
        "novel": 1,
        "trial_type": 4,
        "heard_at_test": "kluk.wav",
        "token_num": "_4",
        "token_label": "pluk_4.wav",
        "heard_at_training": "pluk_4.wav"
    },
    {
        "block_num": 4,
        "trial_num": 60,
        "training_object": "TROBJ42.JPG",
        "new_object": "NOVOBJ18.JPG",
        "heard_label": "kluk.wav",
        "trained_label": "pluk",
        "misp_label": "kluk",
        "novel_label": 998,
        "corr_answer": "new_object",
        "condition": "mis",
        "exposure": 5,
        "novel": 1,
        "trial_type": 4,
        "heard_at_test": "kluk.wav",
        "token_num": "_5",
        "token_label": "pluk_5.wav",
        "heard_at_training": "pluk_5.wav"
    },
    {
        "block_num": 4,
        "trial_num": 60,
        "training_object": "TROBJ42.JPG",
        "new_object": "NOVOBJ18.JPG",
        "heard_label": "kluk.wav",
        "trained_label": "pluk",
        "misp_label": "kluk",
        "novel_label": 998,
        "corr_answer": "new_object",
        "condition": "mis",
        "exposure": 5,
        "novel": 1,
        "trial_type": 4,
        "heard_at_test": "kluk.wav",
        "token_num": "_6",
        "token_label": "pluk_6.wav",
        "heard_at_training": "pluk_6.wav"
    },
    {
        "block_num": 4,
        "trial_num": 60,
        "training_object": "TROBJ42.JPG",
        "new_object": "NOVOBJ18.JPG",
        "heard_label": "kluk.wav",
        "trained_label": "pluk",
        "misp_label": "kluk",
        "novel_label": 998,
        "corr_answer": "new_object",
        "condition": "mis",
        "exposure": 5,
        "novel": 1,
        "trial_type": 4,
        "heard_at_test": "kluk.wav",
        "token_num": "_7",
        "token_label": "pluk_7.wav",
        "heard_at_training": "pluk_7.wav"
    },
    {
        "block_num": 4,
        "trial_num": 61,
        "training_object": "TROBJ43.JPG",
        "new_object": "NOVOBJ31.JPG",
        "heard_label": "zed.wav",
        "trained_label": "zed",
        "misp_label": "sed",
        "novel_label": 998,
        "corr_answer": "training_object",
        "condition": "corr",
        "exposure": 8,
        "novel": 1,
        "trial_type": 5,
        "heard_at_test": "zed.wav",
        "token_num": "",
        "token_label": "zed.wav",
        "heard_at_training": "zed.wav"
    },
    {
        "block_num": 4,
        "trial_num": 61,
        "training_object": "TROBJ43.JPG",
        "new_object": "NOVOBJ31.JPG",
        "heard_label": "zed.wav",
        "trained_label": "zed",
        "misp_label": "sed",
        "novel_label": 998,
        "corr_answer": "training_object",
        "condition": "corr",
        "exposure": 8,
        "novel": 1,
        "trial_type": 5,
        "heard_at_test": "zed.wav",
        "token_num": "_4",
        "token_label": "zed_4.wav",
        "heard_at_training": "zed_4.wav"
    },
    {
        "block_num": 4,
        "trial_num": 61,
        "training_object": "TROBJ43.JPG",
        "new_object": "NOVOBJ31.JPG",
        "heard_label": "zed.wav",
        "trained_label": "zed",
        "misp_label": "sed",
        "novel_label": 998,
        "corr_answer": "training_object",
        "condition": "corr",
        "exposure": 8,
        "novel": 1,
        "trial_type": 5,
        "heard_at_test": "zed.wav",
        "token_num": "_5",
        "token_label": "zed_5.wav",
        "heard_at_training": "zed_5.wav"
    },
    {
        "block_num": 4,
        "trial_num": 61,
        "training_object": "TROBJ43.JPG",
        "new_object": "NOVOBJ31.JPG",
        "heard_label": "zed.wav",
        "trained_label": "zed",
        "misp_label": "sed",
        "novel_label": 998,
        "corr_answer": "training_object",
        "condition": "corr",
        "exposure": 8,
        "novel": 1,
        "trial_type": 5,
        "heard_at_test": "zed.wav",
        "token_num": "_6",
        "token_label": "zed_6.wav",
        "heard_at_training": "zed_6.wav"
    },
    {
        "block_num": 4,
        "trial_num": 61,
        "training_object": "TROBJ43.JPG",
        "new_object": "NOVOBJ31.JPG",
        "heard_label": "zed.wav",
        "trained_label": "zed",
        "misp_label": "sed",
        "novel_label": 998,
        "corr_answer": "training_object",
        "condition": "corr",
        "exposure": 8,
        "novel": 1,
        "trial_type": 5,
        "heard_at_test": "zed.wav",
        "token_num": "_7",
        "token_label": "zed_7.wav",
        "heard_at_training": "zed_7.wav"
    },
    {
        "block_num": 4,
        "trial_num": 61,
        "training_object": "TROBJ43.JPG",
        "new_object": "NOVOBJ31.JPG",
        "heard_label": "zed.wav",
        "trained_label": "zed",
        "misp_label": "sed",
        "novel_label": 998,
        "corr_answer": "training_object",
        "condition": "corr",
        "exposure": 8,
        "novel": 1,
        "trial_type": 5,
        "heard_at_test": "zed.wav",
        "token_num": "_1",
        "token_label": "zed_1.wav",
        "heard_at_training": "zed_1.wav"
    },
    {
        "block_num": 4,
        "trial_num": 61,
        "training_object": "TROBJ43.JPG",
        "new_object": "NOVOBJ31.JPG",
        "heard_label": "zed.wav",
        "trained_label": "zed",
        "misp_label": "sed",
        "novel_label": 998,
        "corr_answer": "training_object",
        "condition": "corr",
        "exposure": 8,
        "novel": 1,
        "trial_type": 5,
        "heard_at_test": "zed.wav",
        "token_num": "_2",
        "token_label": "zed_2.wav",
        "heard_at_training": "zed_2.wav"
    },
    {
        "block_num": 4,
        "trial_num": 61,
        "training_object": "TROBJ43.JPG",
        "new_object": "NOVOBJ31.JPG",
        "heard_label": "zed.wav",
        "trained_label": "zed",
        "misp_label": "sed",
        "novel_label": 998,
        "corr_answer": "training_object",
        "condition": "corr",
        "exposure": 8,
        "novel": 1,
        "trial_type": 5,
        "heard_at_test": "zed.wav",
        "token_num": "_3",
        "token_label": "zed_3.wav",
        "heard_at_training": "zed_3.wav"
    },
    {
        "block_num": 4,
        "trial_num": 62,
        "training_object": "TROBJ44.JPG",
        "new_object": "NOVOBJ32.JPG",
        "heard_label": "zoIk.wav",
        "trained_label": "soIk",
        "misp_label": "zoIk",
        "novel_label": 998,
        "corr_answer": "new_object",
        "condition": "mis",
        "exposure": 8,
        "novel": 1,
        "trial_type": 6,
        "heard_at_test": "zoIk.wav",
        "token_num": "",
        "token_label": "soIk.wav",
        "heard_at_training": "soIk.wav"
    },
    {
        "block_num": 4,
        "trial_num": 62,
        "training_object": "TROBJ44.JPG",
        "new_object": "NOVOBJ32.JPG",
        "heard_label": "zoIk.wav",
        "trained_label": "soIk",
        "misp_label": "zoIk",
        "novel_label": 998,
        "corr_answer": "new_object",
        "condition": "mis",
        "exposure": 8,
        "novel": 1,
        "trial_type": 6,
        "heard_at_test": "zoIk.wav",
        "token_num": "_4",
        "token_label": "soIk_4.wav",
        "heard_at_training": "soIk_4.wav"
    },
    {
        "block_num": 4,
        "trial_num": 62,
        "training_object": "TROBJ44.JPG",
        "new_object": "NOVOBJ32.JPG",
        "heard_label": "zoIk.wav",
        "trained_label": "soIk",
        "misp_label": "zoIk",
        "novel_label": 998,
        "corr_answer": "new_object",
        "condition": "mis",
        "exposure": 8,
        "novel": 1,
        "trial_type": 6,
        "heard_at_test": "zoIk.wav",
        "token_num": "_5",
        "token_label": "soIk_5.wav",
        "heard_at_training": "soIk_5.wav"
    },
    {
        "block_num": 4,
        "trial_num": 62,
        "training_object": "TROBJ44.JPG",
        "new_object": "NOVOBJ32.JPG",
        "heard_label": "zoIk.wav",
        "trained_label": "soIk",
        "misp_label": "zoIk",
        "novel_label": 998,
        "corr_answer": "new_object",
        "condition": "mis",
        "exposure": 8,
        "novel": 1,
        "trial_type": 6,
        "heard_at_test": "zoIk.wav",
        "token_num": "_6",
        "token_label": "soIk_6.wav",
        "heard_at_training": "soIk_6.wav"
    },
    {
        "block_num": 4,
        "trial_num": 62,
        "training_object": "TROBJ44.JPG",
        "new_object": "NOVOBJ32.JPG",
        "heard_label": "zoIk.wav",
        "trained_label": "soIk",
        "misp_label": "zoIk",
        "novel_label": 998,
        "corr_answer": "new_object",
        "condition": "mis",
        "exposure": 8,
        "novel": 1,
        "trial_type": 6,
        "heard_at_test": "zoIk.wav",
        "token_num": "_7",
        "token_label": "soIk_7.wav",
        "heard_at_training": "soIk_7.wav"
    },
    {
        "block_num": 4,
        "trial_num": 62,
        "training_object": "TROBJ44.JPG",
        "new_object": "NOVOBJ32.JPG",
        "heard_label": "zoIk.wav",
        "trained_label": "soIk",
        "misp_label": "zoIk",
        "novel_label": 998,
        "corr_answer": "new_object",
        "condition": "mis",
        "exposure": 8,
        "novel": 1,
        "trial_type": 6,
        "heard_at_test": "zoIk.wav",
        "token_num": "_1",
        "token_label": "soIk_1.wav",
        "heard_at_training": "soIk_1.wav"
    },
    {
        "block_num": 4,
        "trial_num": 62,
        "training_object": "TROBJ44.JPG",
        "new_object": "NOVOBJ32.JPG",
        "heard_label": "zoIk.wav",
        "trained_label": "soIk",
        "misp_label": "zoIk",
        "novel_label": 998,
        "corr_answer": "new_object",
        "condition": "mis",
        "exposure": 8,
        "novel": 1,
        "trial_type": 6,
        "heard_at_test": "zoIk.wav",
        "token_num": "_2",
        "token_label": "soIk_2.wav",
        "heard_at_training": "soIk_2.wav"
    },
    {
        "block_num": 4,
        "trial_num": 62,
        "training_object": "TROBJ44.JPG",
        "new_object": "NOVOBJ32.JPG",
        "heard_label": "zoIk.wav",
        "trained_label": "soIk",
        "misp_label": "zoIk",
        "novel_label": 998,
        "corr_answer": "new_object",
        "condition": "mis",
        "exposure": 8,
        "novel": 1,
        "trial_type": 6,
        "heard_at_test": "zoIk.wav",
        "token_num": "_3",
        "token_label": "soIk_3.wav",
        "heard_at_training": "soIk_3.wav"
    },
    {
        "block_num": 4,
        "trial_num": 63,
        "training_object": "TROBJ45.JPG",
        "new_object": "NOVOBJ33.JPG",
        "heard_label": "vup.wav",
        "trained_label": "vup",
        "misp_label": "zup",
        "novel_label": 998,
        "corr_answer": "training_object",
        "condition": "corr",
        "exposure": 1,
        "novel": 0,
        "trial_type": 1,
        "heard_at_test": "vup.wav",
        "token_num": "",
        "token_label": "vup.wav",
        "heard_at_training": "vup.wav"
    },
    {
        "block_num": 4,
        "trial_num": 64,
        "training_object": "TROBJ46.JPG",
        "new_object": "NOVOBJ34.JPG",
        "heard_label": "Sig1.wav",
        "trained_label": "sig",
        "misp_label": "Sig1",
        "novel_label": 998,
        "corr_answer": "new_object",
        "condition": "mis",
        "exposure": 1,
        "novel": 0,
        "trial_type": 2,
        "heard_at_test": "Sig1.wav",
        "token_num": "",
        "token_label": "sig.wav",
        "heard_at_training": "sig.wav"
    },
    {
        "block_num": 4,
        "trial_num": 65,
        "training_object": "TROBJ47.JPG",
        "new_object": "NOVOBJ35.JPG",
        "heard_label": "daS.wav",
        "trained_label": "daS",
        "misp_label": "taS",
        "novel_label": 998,
        "corr_answer": "training_object",
        "condition": "corr",
        "exposure": 5,
        "novel": 0,
        "trial_type": 3,
        "heard_at_test": "daS.wav",
        "token_num": "",
        "token_label": "daS.wav",
        "heard_at_training": "daS.wav"
    },
    {
        "block_num": 4,
        "trial_num": 65,
        "training_object": "TROBJ47.JPG",
        "new_object": "NOVOBJ35.JPG",
        "heard_label": "daS.wav",
        "trained_label": "daS",
        "misp_label": "taS",
        "novel_label": 998,
        "corr_answer": "training_object",
        "condition": "corr",
        "exposure": 5,
        "novel": 0,
        "trial_type": 3,
        "heard_at_test": "daS.wav",
        "token_num": "_4",
        "token_label": "daS_4.wav",
        "heard_at_training": "daS_4.wav"
    },
    {
        "block_num": 4,
        "trial_num": 65,
        "training_object": "TROBJ47.JPG",
        "new_object": "NOVOBJ35.JPG",
        "heard_label": "daS.wav",
        "trained_label": "daS",
        "misp_label": "taS",
        "novel_label": 998,
        "corr_answer": "training_object",
        "condition": "corr",
        "exposure": 5,
        "novel": 0,
        "trial_type": 3,
        "heard_at_test": "daS.wav",
        "token_num": "_5",
        "token_label": "daS_5.wav",
        "heard_at_training": "daS_5.wav"
    },
    {
        "block_num": 4,
        "trial_num": 65,
        "training_object": "TROBJ47.JPG",
        "new_object": "NOVOBJ35.JPG",
        "heard_label": "daS.wav",
        "trained_label": "daS",
        "misp_label": "taS",
        "novel_label": 998,
        "corr_answer": "training_object",
        "condition": "corr",
        "exposure": 5,
        "novel": 0,
        "trial_type": 3,
        "heard_at_test": "daS.wav",
        "token_num": "_6",
        "token_label": "daS_6.wav",
        "heard_at_training": "daS_6.wav"
    },
    {
        "block_num": 4,
        "trial_num": 65,
        "training_object": "TROBJ47.JPG",
        "new_object": "NOVOBJ35.JPG",
        "heard_label": "daS.wav",
        "trained_label": "daS",
        "misp_label": "taS",
        "novel_label": 998,
        "corr_answer": "training_object",
        "condition": "corr",
        "exposure": 5,
        "novel": 0,
        "trial_type": 3,
        "heard_at_test": "daS.wav",
        "token_num": "_7",
        "token_label": "daS_7.wav",
        "heard_at_training": "daS_7.wav"
    },
    {
        "block_num": 4,
        "trial_num": 66,
        "training_object": "TROBJ48.JPG",
        "new_object": "NOVOBJ36.JPG",
        "heard_label": "gIZ.wav",
        "trained_label": "kIZ",
        "misp_label": "gIZ",
        "novel_label": 998,
        "corr_answer": "new_object",
        "condition": "mis",
        "exposure": 5,
        "novel": 0,
        "trial_type": 4,
        "heard_at_test": "gIZ.wav",
        "token_num": "",
        "token_label": "kIZ.wav",
        "heard_at_training": "kIZ.wav"
    },
    {
        "block_num": 4,
        "trial_num": 66,
        "training_object": "TROBJ48.JPG",
        "new_object": "NOVOBJ36.JPG",
        "heard_label": "gIZ.wav",
        "trained_label": "kIZ",
        "misp_label": "gIZ",
        "novel_label": 998,
        "corr_answer": "new_object",
        "condition": "mis",
        "exposure": 5,
        "novel": 0,
        "trial_type": 4,
        "heard_at_test": "gIZ.wav",
        "token_num": "_4",
        "token_label": "kIZ_4.wav",
        "heard_at_training": "kIZ_4.wav"
    },
    {
        "block_num": 4,
        "trial_num": 66,
        "training_object": "TROBJ48.JPG",
        "new_object": "NOVOBJ36.JPG",
        "heard_label": "gIZ.wav",
        "trained_label": "kIZ",
        "misp_label": "gIZ",
        "novel_label": 998,
        "corr_answer": "new_object",
        "condition": "mis",
        "exposure": 5,
        "novel": 0,
        "trial_type": 4,
        "heard_at_test": "gIZ.wav",
        "token_num": "_5",
        "token_label": "kIZ_5.wav",
        "heard_at_training": "kIZ_5.wav"
    },
    {
        "block_num": 4,
        "trial_num": 66,
        "training_object": "TROBJ48.JPG",
        "new_object": "NOVOBJ36.JPG",
        "heard_label": "gIZ.wav",
        "trained_label": "kIZ",
        "misp_label": "gIZ",
        "novel_label": 998,
        "corr_answer": "new_object",
        "condition": "mis",
        "exposure": 5,
        "novel": 0,
        "trial_type": 4,
        "heard_at_test": "gIZ.wav",
        "token_num": "_6",
        "token_label": "kIZ_6.wav",
        "heard_at_training": "kIZ_6.wav"
    },
    {
        "block_num": 4,
        "trial_num": 66,
        "training_object": "TROBJ48.JPG",
        "new_object": "NOVOBJ36.JPG",
        "heard_label": "gIZ.wav",
        "trained_label": "kIZ",
        "misp_label": "gIZ",
        "novel_label": 998,
        "corr_answer": "new_object",
        "condition": "mis",
        "exposure": 5,
        "novel": 0,
        "trial_type": 4,
        "heard_at_test": "gIZ.wav",
        "token_num": "_7",
        "token_label": "kIZ_7.wav",
        "heard_at_training": "kIZ_7.wav"
    },
    {
        "block_num": 4,
        "trial_num": 55,
        "training_object": "TROBJ37.JPG",
        "new_object": "NOVOBJ13.JPG",
        "heard_label": "klop.wav",
        "trained_label": "klop",
        "misp_label": "glop",
        "novel_label": 998,
        "corr_answer": "training_object",
        "condition": "corr",
        "exposure": 8,
        "novel": 0,
        "trial_type": 5,
        "heard_at_test": "klop.wav",
        "token_num": "",
        "token_label": "klop.wav",
        "heard_at_training": "klop.wav"
    },
    {
        "block_num": 4,
        "trial_num": 55,
        "training_object": "TROBJ37.JPG",
        "new_object": "NOVOBJ13.JPG",
        "heard_label": "klop.wav",
        "trained_label": "klop",
        "misp_label": "glop",
        "novel_label": 998,
        "corr_answer": "training_object",
        "condition": "corr",
        "exposure": 8,
        "novel": 0,
        "trial_type": 5,
        "heard_at_test": "klop.wav",
        "token_num": "_4",
        "token_label": "klop_4.wav",
        "heard_at_training": "klop_4.wav"
    },
    {
        "block_num": 4,
        "trial_num": 55,
        "training_object": "TROBJ37.JPG",
        "new_object": "NOVOBJ13.JPG",
        "heard_label": "klop.wav",
        "trained_label": "klop",
        "misp_label": "glop",
        "novel_label": 998,
        "corr_answer": "training_object",
        "condition": "corr",
        "exposure": 8,
        "novel": 0,
        "trial_type": 5,
        "heard_at_test": "klop.wav",
        "token_num": "_5",
        "token_label": "klop_5.wav",
        "heard_at_training": "klop_5.wav"
    },
    {
        "block_num": 4,
        "trial_num": 55,
        "training_object": "TROBJ37.JPG",
        "new_object": "NOVOBJ13.JPG",
        "heard_label": "klop.wav",
        "trained_label": "klop",
        "misp_label": "glop",
        "novel_label": 998,
        "corr_answer": "training_object",
        "condition": "corr",
        "exposure": 8,
        "novel": 0,
        "trial_type": 5,
        "heard_at_test": "klop.wav",
        "token_num": "_6",
        "token_label": "klop_6.wav",
        "heard_at_training": "klop_6.wav"
    },
    {
        "block_num": 4,
        "trial_num": 55,
        "training_object": "TROBJ37.JPG",
        "new_object": "NOVOBJ13.JPG",
        "heard_label": "klop.wav",
        "trained_label": "klop",
        "misp_label": "glop",
        "novel_label": 998,
        "corr_answer": "training_object",
        "condition": "corr",
        "exposure": 8,
        "novel": 0,
        "trial_type": 5,
        "heard_at_test": "klop.wav",
        "token_num": "_7",
        "token_label": "klop_7.wav",
        "heard_at_training": "klop_7.wav"
    },
    {
        "block_num": 4,
        "trial_num": 55,
        "training_object": "TROBJ37.JPG",
        "new_object": "NOVOBJ13.JPG",
        "heard_label": "klop.wav",
        "trained_label": "klop",
        "misp_label": "glop",
        "novel_label": 998,
        "corr_answer": "training_object",
        "condition": "corr",
        "exposure": 8,
        "novel": 0,
        "trial_type": 5,
        "heard_at_test": "klop.wav",
        "token_num": "_1",
        "token_label": "klop_1.wav",
        "heard_at_training": "klop_1.wav"
    },
    {
        "block_num": 4,
        "trial_num": 55,
        "training_object": "TROBJ37.JPG",
        "new_object": "NOVOBJ13.JPG",
        "heard_label": "klop.wav",
        "trained_label": "klop",
        "misp_label": "glop",
        "novel_label": 998,
        "corr_answer": "training_object",
        "condition": "corr",
        "exposure": 8,
        "novel": 0,
        "trial_type": 5,
        "heard_at_test": "klop.wav",
        "token_num": "_2",
        "token_label": "klop_2.wav",
        "heard_at_training": "klop_2.wav"
    },
    {
        "block_num": 4,
        "trial_num": 55,
        "training_object": "TROBJ37.JPG",
        "new_object": "NOVOBJ13.JPG",
        "heard_label": "klop.wav",
        "trained_label": "klop",
        "misp_label": "glop",
        "novel_label": 998,
        "corr_answer": "training_object",
        "condition": "corr",
        "exposure": 8,
        "novel": 0,
        "trial_type": 5,
        "heard_at_test": "klop.wav",
        "token_num": "_3",
        "token_label": "klop_3.wav",
        "heard_at_training": "klop_3.wav"
    },
    {
        "block_num": 4,
        "trial_num": 56,
        "training_object": "TROBJ38.JPG",
        "new_object": "NOVOBJ14.JPG",
        "heard_label": "SaIp1.wav",
        "trained_label": "saIp",
        "misp_label": "SaIp1",
        "novel_label": 998,
        "corr_answer": "new_object",
        "condition": "mis",
        "exposure": 8,
        "novel": 0,
        "trial_type": 6,
        "heard_at_test": "SaIp1.wav",
        "token_num": "",
        "token_label": "saIp.wav",
        "heard_at_training": "saIp.wav"
    },
    {
        "block_num": 4,
        "trial_num": 56,
        "training_object": "TROBJ38.JPG",
        "new_object": "NOVOBJ14.JPG",
        "heard_label": "SaIp1.wav",
        "trained_label": "saIp",
        "misp_label": "SaIp1",
        "novel_label": 998,
        "corr_answer": "new_object",
        "condition": "mis",
        "exposure": 8,
        "novel": 0,
        "trial_type": 6,
        "heard_at_test": "SaIp1.wav",
        "token_num": "_4",
        "token_label": "saIp_4.wav",
        "heard_at_training": "saIp_4.wav"
    },
    {
        "block_num": 4,
        "trial_num": 56,
        "training_object": "TROBJ38.JPG",
        "new_object": "NOVOBJ14.JPG",
        "heard_label": "SaIp1.wav",
        "trained_label": "saIp",
        "misp_label": "SaIp1",
        "novel_label": 998,
        "corr_answer": "new_object",
        "condition": "mis",
        "exposure": 8,
        "novel": 0,
        "trial_type": 6,
        "heard_at_test": "SaIp1.wav",
        "token_num": "_5",
        "token_label": "saIp_5.wav",
        "heard_at_training": "saIp_5.wav"
    },
    {
        "block_num": 4,
        "trial_num": 56,
        "training_object": "TROBJ38.JPG",
        "new_object": "NOVOBJ14.JPG",
        "heard_label": "SaIp1.wav",
        "trained_label": "saIp",
        "misp_label": "SaIp1",
        "novel_label": 998,
        "corr_answer": "new_object",
        "condition": "mis",
        "exposure": 8,
        "novel": 0,
        "trial_type": 6,
        "heard_at_test": "SaIp1.wav",
        "token_num": "_6",
        "token_label": "saIp_6.wav",
        "heard_at_training": "saIp_6.wav"
    },
    {
        "block_num": 4,
        "trial_num": 56,
        "training_object": "TROBJ38.JPG",
        "new_object": "NOVOBJ14.JPG",
        "heard_label": "SaIp1.wav",
        "trained_label": "saIp",
        "misp_label": "SaIp1",
        "novel_label": 998,
        "corr_answer": "new_object",
        "condition": "mis",
        "exposure": 8,
        "novel": 0,
        "trial_type": 6,
        "heard_at_test": "SaIp1.wav",
        "token_num": "_7",
        "token_label": "saIp_7.wav",
        "heard_at_training": "saIp_7.wav"
    },
    {
        "block_num": 4,
        "trial_num": 56,
        "training_object": "TROBJ38.JPG",
        "new_object": "NOVOBJ14.JPG",
        "heard_label": "SaIp1.wav",
        "trained_label": "saIp",
        "misp_label": "SaIp1",
        "novel_label": 998,
        "corr_answer": "new_object",
        "condition": "mis",
        "exposure": 8,
        "novel": 0,
        "trial_type": 6,
        "heard_at_test": "SaIp1.wav",
        "token_num": "_1",
        "token_label": "saIp_1.wav",
        "heard_at_training": "saIp_1.wav"
    },
    {
        "block_num": 4,
        "trial_num": 56,
        "training_object": "TROBJ38.JPG",
        "new_object": "NOVOBJ14.JPG",
        "heard_label": "SaIp1.wav",
        "trained_label": "saIp",
        "misp_label": "SaIp1",
        "novel_label": 998,
        "corr_answer": "new_object",
        "condition": "mis",
        "exposure": 8,
        "novel": 0,
        "trial_type": 6,
        "heard_at_test": "SaIp1.wav",
        "token_num": "_2",
        "token_label": "saIp_2.wav",
        "heard_at_training": "saIp_2.wav"
    },
    {
        "block_num": 4,
        "trial_num": 56,
        "training_object": "TROBJ38.JPG",
        "new_object": "NOVOBJ14.JPG",
        "heard_label": "SaIp1.wav",
        "trained_label": "saIp",
        "misp_label": "SaIp1",
        "novel_label": 998,
        "corr_answer": "new_object",
        "condition": "mis",
        "exposure": 8,
        "novel": 0,
        "trial_type": 6,
        "heard_at_test": "SaIp1.wav",
        "token_num": "_3",
        "token_label": "saIp_3.wav",
        "heard_at_training": "saIp_3.wav"
    }
]