[
    {
        "block_num": 2,
        "trial_num": 21,
        "training_object": "TROBJ15.JPG",
        "new_object": "NOVOBJ21.JPG",
        "heard_label": "tof.wav",
        "trained_label": "tof",
        "misp_label": "dof",
        "novel_label": 998,
        "corr_answer": "training_object",
        "condition": "corr",
        "exposure": 1,
        "novel": 1,
        "trial_type": 1,
        "heard_at_test": "tof.wav",
        "token_num": "",
        "token_label": "tof.wav",
        "heard_at_training": "tof.wav"
    },
    {
        "block_num": 2,
        "trial_num": 22,
        "training_object": "TROBJ16.JPG",
        "new_object": "NOVOBJ22.JPG",
        "heard_label": "zad.wav",
        "trained_label": "vad",
        "misp_label": "zad",
        "novel_label": 998,
        "corr_answer": "new_object",
        "condition": "mis",
        "exposure": 1,
        "novel": 1,
        "trial_type": 2,
        "heard_at_test": "zad.wav",
        "token_num": "",
        "token_label": "vad.wav",
        "heard_at_training": "vad.wav"
    },
    {
        "block_num": 2,
        "trial_num": 23,
        "training_object": "TROBJ17.JPG",
        "new_object": "NOVOBJ23.JPG",
        "heard_label": "dIv.wav",
        "trained_label": "dIv",
        "misp_label": "bIv",
        "novel_label": 998,
        "corr_answer": "training_object",
        "condition": "corr",
        "exposure": 5,
        "novel": 1,
        "trial_type": 3,
        "heard_at_test": "dIv.wav",
        "token_num": "",
        "token_label": "dIv.wav",
        "heard_at_training": "dIv.wav"
    },
    {
        "block_num": 2,
        "trial_num": 23,
        "training_object": "TROBJ17.JPG",
        "new_object": "NOVOBJ23.JPG",
        "heard_label": "dIv.wav",
        "trained_label": "dIv",
        "misp_label": "bIv",
        "novel_label": 998,
        "corr_answer": "training_object",
        "condition": "corr",
        "exposure": 5,
        "novel": 1,
        "trial_type": 3,
        "heard_at_test": "dIv.wav",
        "token_num": "_1",
        "token_label": "dIv_1.wav",
        "heard_at_training": "dIv_1.wav"
    },
    {
        "block_num": 2,
        "trial_num": 23,
        "training_object": "TROBJ17.JPG",
        "new_object": "NOVOBJ23.JPG",
        "heard_label": "dIv.wav",
        "trained_label": "dIv",
        "misp_label": "bIv",
        "novel_label": 998,
        "corr_answer": "training_object",
        "condition": "corr",
        "exposure": 5,
        "novel": 1,
        "trial_type": 3,
        "heard_at_test": "dIv.wav",
        "token_num": "_2",
        "token_label": "dIv_2.wav",
        "heard_at_training": "dIv_2.wav"
    },
    {
        "block_num": 2,
        "trial_num": 23,
        "training_object": "TROBJ17.JPG",
        "new_object": "NOVOBJ23.JPG",
        "heard_label": "dIv.wav",
        "trained_label": "dIv",
        "misp_label": "bIv",
        "novel_label": 998,
        "corr_answer": "training_object",
        "condition": "corr",
        "exposure": 5,
        "novel": 1,
        "trial_type": 3,
        "heard_at_test": "dIv.wav",
        "token_num": "_3",
        "token_label": "dIv_3.wav",
        "heard_at_training": "dIv_3.wav"
    },
    {
        "block_num": 2,
        "trial_num": 23,
        "training_object": "TROBJ17.JPG",
        "new_object": "NOVOBJ23.JPG",
        "heard_label": "dIv.wav",
        "trained_label": "dIv",
        "misp_label": "bIv",
        "novel_label": 998,
        "corr_answer": "training_object",
        "condition": "corr",
        "exposure": 5,
        "novel": 1,
        "trial_type": 3,
        "heard_at_test": "dIv.wav",
        "token_num": "_4",
        "token_label": "dIv_4.wav",
        "heard_at_training": "dIv_4.wav"
    },
    {
        "block_num": 2,
        "trial_num": 24,
        "training_object": "TROBJ18.JPG",
        "new_object": "NOVOBJ24.JPG",
        "heard_label": "kVdZ.wav",
        "trained_label": "gVdZ",
        "misp_label": "kVdZ",
        "novel_label": 998,
        "corr_answer": "new_object",
        "condition": "mis",
        "exposure": 5,
        "novel": 1,
        "trial_type": 4,
        "heard_at_test": "kVdZ.wav",
        "token_num": "",
        "token_label": "gVdZ.wav",
        "heard_at_training": "gVdZ.wav"
    },
    {
        "block_num": 2,
        "trial_num": 24,
        "training_object": "TROBJ18.JPG",
        "new_object": "NOVOBJ24.JPG",
        "heard_label": "kVdZ.wav",
        "trained_label": "gVdZ",
        "misp_label": "kVdZ",
        "novel_label": 998,
        "corr_answer": "new_object",
        "condition": "mis",
        "exposure": 5,
        "novel": 1,
        "trial_type": 4,
        "heard_at_test": "kVdZ.wav",
        "token_num": "_1",
        "token_label": "gVdZ_1.wav",
        "heard_at_training": "gVdZ_1.wav"
    },
    {
        "block_num": 2,
        "trial_num": 24,
        "training_object": "TROBJ18.JPG",
        "new_object": "NOVOBJ24.JPG",
        "heard_label": "kVdZ.wav",
        "trained_label": "gVdZ",
        "misp_label": "kVdZ",
        "novel_label": 998,
        "corr_answer": "new_object",
        "condition": "mis",
        "exposure": 5,
        "novel": 1,
        "trial_type": 4,
        "heard_at_test": "kVdZ.wav",
        "token_num": "_2",
        "token_label": "gVdZ_2.wav",
        "heard_at_training": "gVdZ_2.wav"
    },
    {
        "block_num": 2,
        "trial_num": 24,
        "training_object": "TROBJ18.JPG",
        "new_object": "NOVOBJ24.JPG",
        "heard_label": "kVdZ.wav",
        "trained_label": "gVdZ",
        "misp_label": "kVdZ",
        "novel_label": 998,
        "corr_answer": "new_object",
        "condition": "mis",
        "exposure": 5,
        "novel": 1,
        "trial_type": 4,
        "heard_at_test": "kVdZ.wav",
        "token_num": "_3",
        "token_label": "gVdZ_3.wav",
        "heard_at_training": "gVdZ_3.wav"
    },
    {
        "block_num": 2,
        "trial_num": 24,
        "training_object": "TROBJ18.JPG",
        "new_object": "NOVOBJ24.JPG",
        "heard_label": "kVdZ.wav",
        "trained_label": "gVdZ",
        "misp_label": "kVdZ",
        "novel_label": 998,
        "corr_answer": "new_object",
        "condition": "mis",
        "exposure": 5,
        "novel": 1,
        "trial_type": 4,
        "heard_at_test": "kVdZ.wav",
        "token_num": "_4",
        "token_label": "gVdZ_4.wav",
        "heard_at_training": "gVdZ_4.wav"
    },
    {
        "block_num": 2,
        "trial_num": 25,
        "training_object": "TROBJ19.JPG",
        "new_object": "NOVOBJ25.JPG",
        "heard_label": "bos.wav",
        "trained_label": "bos",
        "misp_label": "pos",
        "novel_label": 998,
        "corr_answer": "training_object",
        "condition": "corr",
        "exposure": 8,
        "novel": 1,
        "trial_type": 5,
        "heard_at_test": "bos.wav",
        "token_num": "",
        "token_label": "bos.wav",
        "heard_at_training": "bos.wav"
    },
    {
        "block_num": 2,
        "trial_num": 25,
        "training_object": "TROBJ19.JPG",
        "new_object": "NOVOBJ25.JPG",
        "heard_label": "bos.wav",
        "trained_label": "bos",
        "misp_label": "pos",
        "novel_label": 998,
        "corr_answer": "training_object",
        "condition": "corr",
        "exposure": 8,
        "novel": 1,
        "trial_type": 5,
        "heard_at_test": "bos.wav",
        "token_num": "_1",
        "token_label": "bos_1.wav",
        "heard_at_training": "bos_1.wav"
    },
    {
        "block_num": 2,
        "trial_num": 25,
        "training_object": "TROBJ19.JPG",
        "new_object": "NOVOBJ25.JPG",
        "heard_label": "bos.wav",
        "trained_label": "bos",
        "misp_label": "pos",
        "novel_label": 998,
        "corr_answer": "training_object",
        "condition": "corr",
        "exposure": 8,
        "novel": 1,
        "trial_type": 5,
        "heard_at_test": "bos.wav",
        "token_num": "_2",
        "token_label": "bos_2.wav",
        "heard_at_training": "bos_2.wav"
    },
    {
        "block_num": 2,
        "trial_num": 25,
        "training_object": "TROBJ19.JPG",
        "new_object": "NOVOBJ25.JPG",
        "heard_label": "bos.wav",
        "trained_label": "bos",
        "misp_label": "pos",
        "novel_label": 998,
        "corr_answer": "training_object",
        "condition": "corr",
        "exposure": 8,
        "novel": 1,
        "trial_type": 5,
        "heard_at_test": "bos.wav",
        "token_num": "_3",
        "token_label": "bos_3.wav",
        "heard_at_training": "bos_3.wav"
    },
    {
        "block_num": 2,
        "trial_num": 25,
        "training_object": "TROBJ19.JPG",
        "new_object": "NOVOBJ25.JPG",
        "heard_label": "bos.wav",
        "trained_label": "bos",
        "misp_label": "pos",
        "novel_label": 998,
        "corr_answer": "training_object",
        "condition": "corr",
        "exposure": 8,
        "novel": 1,
        "trial_type": 5,
        "heard_at_test": "bos.wav",
        "token_num": "_4",
        "token_label": "bos_4.wav",
        "heard_at_training": "bos_4.wav"
    },
    {
        "block_num": 2,
        "trial_num": 25,
        "training_object": "TROBJ19.JPG",
        "new_object": "NOVOBJ25.JPG",
        "heard_label": "bos.wav",
        "trained_label": "bos",
        "misp_label": "pos",
        "novel_label": 998,
        "corr_answer": "training_object",
        "condition": "corr",
        "exposure": 8,
        "novel": 1,
        "trial_type": 5,
        "heard_at_test": "bos.wav",
        "token_num": "_5",
        "token_label": "bos_5.wav",
        "heard_at_training": "bos_5.wav"
    },
    {
        "block_num": 2,
        "trial_num": 25,
        "training_object": "TROBJ19.JPG",
        "new_object": "NOVOBJ25.JPG",
        "heard_label": "bos.wav",
        "trained_label": "bos",
        "misp_label": "pos",
        "novel_label": 998,
        "corr_answer": "training_object",
        "condition": "corr",
        "exposure": 8,
        "novel": 1,
        "trial_type": 5,
        "heard_at_test": "bos.wav",
        "token_num": "_6",
        "token_label": "bos_6.wav",
        "heard_at_training": "bos_6.wav"
    },
    {
        "block_num": 2,
        "trial_num": 25,
        "training_object": "TROBJ19.JPG",
        "new_object": "NOVOBJ25.JPG",
        "heard_label": "bos.wav",
        "trained_label": "bos",
        "misp_label": "pos",
        "novel_label": 998,
        "corr_answer": "training_object",
        "condition": "corr",
        "exposure": 8,
        "novel": 1,
        "trial_type": 5,
        "heard_at_test": "bos.wav",
        "token_num": "_7",
        "token_label": "bos_7.wav",
        "heard_at_training": "bos_7.wav"
    },
    {
        "block_num": 2,
        "trial_num": 26,
        "training_object": "TROBJ20.JPG",
        "new_object": "NOVOBJ26.JPG",
        "heard_label": "gith.wav",
        "trained_label": "bith",
        "misp_label": "gith",
        "novel_label": 998,
        "corr_answer": "new_object",
        "condition": "mis",
        "exposure": 8,
        "novel": 1,
        "trial_type": 6,
        "heard_at_test": "gith.wav",
        "token_num": "",
        "token_label": "bith.wav",
        "heard_at_training": "bith.wav"
    },
    {
        "block_num": 2,
        "trial_num": 26,
        "training_object": "TROBJ20.JPG",
        "new_object": "NOVOBJ26.JPG",
        "heard_label": "gith.wav",
        "trained_label": "bith",
        "misp_label": "gith",
        "novel_label": 998,
        "corr_answer": "new_object",
        "condition": "mis",
        "exposure": 8,
        "novel": 1,
        "trial_type": 6,
        "heard_at_test": "gith.wav",
        "token_num": "_1",
        "token_label": "bith_1.wav",
        "heard_at_training": "bith_1.wav"
    },
    {
        "block_num": 2,
        "trial_num": 26,
        "training_object": "TROBJ20.JPG",
        "new_object": "NOVOBJ26.JPG",
        "heard_label": "gith.wav",
        "trained_label": "bith",
        "misp_label": "gith",
        "novel_label": 998,
        "corr_answer": "new_object",
        "condition": "mis",
        "exposure": 8,
        "novel": 1,
        "trial_type": 6,
        "heard_at_test": "gith.wav",
        "token_num": "_2",
        "token_label": "bith_2.wav",
        "heard_at_training": "bith_2.wav"
    },
    {
        "block_num": 2,
        "trial_num": 26,
        "training_object": "TROBJ20.JPG",
        "new_object": "NOVOBJ26.JPG",
        "heard_label": "gith.wav",
        "trained_label": "bith",
        "misp_label": "gith",
        "novel_label": 998,
        "corr_answer": "new_object",
        "condition": "mis",
        "exposure": 8,
        "novel": 1,
        "trial_type": 6,
        "heard_at_test": "gith.wav",
        "token_num": "_3",
        "token_label": "bith_3.wav",
        "heard_at_training": "bith_3.wav"
    },
    {
        "block_num": 2,
        "trial_num": 26,
        "training_object": "TROBJ20.JPG",
        "new_object": "NOVOBJ26.JPG",
        "heard_label": "gith.wav",
        "trained_label": "bith",
        "misp_label": "gith",
        "novel_label": 998,
        "corr_answer": "new_object",
        "condition": "mis",
        "exposure": 8,
        "novel": 1,
        "trial_type": 6,
        "heard_at_test": "gith.wav",
        "token_num": "_4",
        "token_label": "bith_4.wav",
        "heard_at_training": "bith_4.wav"
    },
    {
        "block_num": 2,
        "trial_num": 26,
        "training_object": "TROBJ20.JPG",
        "new_object": "NOVOBJ26.JPG",
        "heard_label": "gith.wav",
        "trained_label": "bith",
        "misp_label": "gith",
        "novel_label": 998,
        "corr_answer": "new_object",
        "condition": "mis",
        "exposure": 8,
        "novel": 1,
        "trial_type": 6,
        "heard_at_test": "gith.wav",
        "token_num": "_5",
        "token_label": "bith_5.wav",
        "heard_at_training": "bith_5.wav"
    },
    {
        "block_num": 2,
        "trial_num": 26,
        "training_object": "TROBJ20.JPG",
        "new_object": "NOVOBJ26.JPG",
        "heard_label": "gith.wav",
        "trained_label": "bith",
        "misp_label": "gith",
        "novel_label": 998,
        "corr_answer": "new_object",
        "condition": "mis",
        "exposure": 8,
        "novel": 1,
        "trial_type": 6,
        "heard_at_test": "gith.wav",
        "token_num": "_6",
        "token_label": "bith_6.wav",
        "heard_at_training": "bith_6.wav"
    },
    {
        "block_num": 2,
        "trial_num": 26,
        "training_object": "TROBJ20.JPG",
        "new_object": "NOVOBJ26.JPG",
        "heard_label": "gith.wav",
        "trained_label": "bith",
        "misp_label": "gith",
        "novel_label": 998,
        "corr_answer": "new_object",
        "condition": "mis",
        "exposure": 8,
        "novel": 1,
        "trial_type": 6,
        "heard_at_test": "gith.wav",
        "token_num": "_7",
        "token_label": "bith_7.wav",
        "heard_at_training": "bith_7.wav"
    },
    {
        "block_num": 2,
        "trial_num": 27,
        "training_object": "TROBJ21.JPG",
        "new_object": "NOVOBJ27.JPG",
        "heard_label": "pVv.wav",
        "trained_label": "pVv",
        "misp_label": "bVv",
        "novel_label": 998,
        "corr_answer": "training_object",
        "condition": "corr",
        "exposure": 1,
        "novel": 0,
        "trial_type": 1,
        "heard_at_test": "pVv.wav",
        "token_num": "",
        "token_label": "pVv.wav",
        "heard_at_training": "pVv.wav"
    },
    {
        "block_num": 2,
        "trial_num": 28,
        "training_object": "TROBJ22.JPG",
        "new_object": "NOVOBJ28.JPG",
        "heard_label": "paUdZ.wav",
        "trained_label": "baUdZ",
        "misp_label": "paUdZ",
        "novel_label": 998,
        "corr_answer": "new_object",
        "condition": "mis",
        "exposure": 1,
        "novel": 0,
        "trial_type": 2,
        "heard_at_test": "paUdZ.wav",
        "token_num": "",
        "token_label": "baUdZ.wav",
        "heard_at_training": "baUdZ.wav"
    },
    {
        "block_num": 2,
        "trial_num": 29,
        "training_object": "TROBJ23.JPG",
        "new_object": "NOVOBJ29.JPG",
        "heard_label": "sEp.wav",
        "trained_label": "sEp",
        "misp_label": "fEp",
        "novel_label": 998,
        "corr_answer": "training_object",
        "condition": "corr",
        "exposure": 5,
        "novel": 0,
        "trial_type": 3,
        "heard_at_test": "sEp.wav",
        "token_num": "",
        "token_label": "sEp.wav",
        "heard_at_training": "sEp.wav"
    },
    {
        "block_num": 2,
        "trial_num": 29,
        "training_object": "TROBJ23.JPG",
        "new_object": "NOVOBJ29.JPG",
        "heard_label": "sEp.wav",
        "trained_label": "sEp",
        "misp_label": "fEp",
        "novel_label": 998,
        "corr_answer": "training_object",
        "condition": "corr",
        "exposure": 5,
        "novel": 0,
        "trial_type": 3,
        "heard_at_test": "sEp.wav",
        "token_num": "_1",
        "token_label": "sEp_1.wav",
        "heard_at_training": "sEp_1.wav"
    },
    {
        "block_num": 2,
        "trial_num": 29,
        "training_object": "TROBJ23.JPG",
        "new_object": "NOVOBJ29.JPG",
        "heard_label": "sEp.wav",
        "trained_label": "sEp",
        "misp_label": "fEp",
        "novel_label": 998,
        "corr_answer": "training_object",
        "condition": "corr",
        "exposure": 5,
        "novel": 0,
        "trial_type": 3,
        "heard_at_test": "sEp.wav",
        "token_num": "_2",
        "token_label": "sEp_2.wav",
        "heard_at_training": "sEp_2.wav"
    },
    {
        "block_num": 2,
        "trial_num": 29,
        "training_object": "TROBJ23.JPG",
        "new_object": "NOVOBJ29.JPG",
        "heard_label": "sEp.wav",
        "trained_label": "sEp",
        "misp_label": "fEp",
        "novel_label": 998,
        "corr_answer": "training_object",
        "condition": "corr",
        "exposure": 5,
        "novel": 0,
        "trial_type": 3,
        "heard_at_test": "sEp.wav",
        "token_num": "_3",
        "token_label": "sEp_3.wav",
        "heard_at_training": "sEp_3.wav"
    },
    {
        "block_num": 2,
        "trial_num": 29,
        "training_object": "TROBJ23.JPG",
        "new_object": "NOVOBJ29.JPG",
        "heard_label": "sEp.wav",
        "trained_label": "sEp",
        "misp_label": "fEp",
        "novel_label": 998,
        "corr_answer": "training_object",
        "condition": "corr",
        "exposure": 5,
        "novel": 0,
        "trial_type": 3,
        "heard_at_test": "sEp.wav",
        "token_num": "_4",
        "token_label": "sEp_4.wav",
        "heard_at_training": "sEp_4.wav"
    },
    {
        "block_num": 2,
        "trial_num": 30,
        "training_object": "TROBJ24.JPG",
        "new_object": "NOVOBJ30.JPG",
        "heard_label": "dUz.wav",
        "trained_label": "gUz",
        "misp_label": "dUz",
        "novel_label": 998,
        "corr_answer": "new_object",
        "condition": "mis",
        "exposure": 5,
        "novel": 0,
        "trial_type": 4,
        "heard_at_test": "dUz.wav",
        "token_num": "",
        "token_label": "gUz.wav",
        "heard_at_training": "gUz.wav"
    },
    {
        "block_num": 2,
        "trial_num": 30,
        "training_object": "TROBJ24.JPG",
        "new_object": "NOVOBJ30.JPG",
        "heard_label": "dUz.wav",
        "trained_label": "gUz",
        "misp_label": "dUz",
        "novel_label": 998,
        "corr_answer": "new_object",
        "condition": "mis",
        "exposure": 5,
        "novel": 0,
        "trial_type": 4,
        "heard_at_test": "dUz.wav",
        "token_num": "_1",
        "token_label": "gUz_1.wav",
        "heard_at_training": "gUz_1.wav"
    },
    {
        "block_num": 2,
        "trial_num": 30,
        "training_object": "TROBJ24.JPG",
        "new_object": "NOVOBJ30.JPG",
        "heard_label": "dUz.wav",
        "trained_label": "gUz",
        "misp_label": "dUz",
        "novel_label": 998,
        "corr_answer": "new_object",
        "condition": "mis",
        "exposure": 5,
        "novel": 0,
        "trial_type": 4,
        "heard_at_test": "dUz.wav",
        "token_num": "_2",
        "token_label": "gUz_2.wav",
        "heard_at_training": "gUz_2.wav"
    },
    {
        "block_num": 2,
        "trial_num": 30,
        "training_object": "TROBJ24.JPG",
        "new_object": "NOVOBJ30.JPG",
        "heard_label": "dUz.wav",
        "trained_label": "gUz",
        "misp_label": "dUz",
        "novel_label": 998,
        "corr_answer": "new_object",
        "condition": "mis",
        "exposure": 5,
        "novel": 0,
        "trial_type": 4,
        "heard_at_test": "dUz.wav",
        "token_num": "_3",
        "token_label": "gUz_3.wav",
        "heard_at_training": "gUz_3.wav"
    },
    {
        "block_num": 2,
        "trial_num": 30,
        "training_object": "TROBJ24.JPG",
        "new_object": "NOVOBJ30.JPG",
        "heard_label": "dUz.wav",
        "trained_label": "gUz",
        "misp_label": "dUz",
        "novel_label": 998,
        "corr_answer": "new_object",
        "condition": "mis",
        "exposure": 5,
        "novel": 0,
        "trial_type": 4,
        "heard_at_test": "dUz.wav",
        "token_num": "_4",
        "token_label": "gUz_4.wav",
        "heard_at_training": "gUz_4.wav"
    },
    {
        "block_num": 2,
        "trial_num": 19,
        "training_object": "TROBJ13.JPG",
        "new_object": "NOVOBJ13.JPG",
        "heard_label": "tram.wav",
        "trained_label": "tram",
        "misp_label": "dram",
        "novel_label": 998,
        "corr_answer": "training_object",
        "condition": "corr",
        "exposure": 8,
        "novel": 0,
        "trial_type": 5,
        "heard_at_test": "tram.wav",
        "token_num": "",
        "token_label": "tram.wav",
        "heard_at_training": "tram.wav"
    },
    {
        "block_num": 2,
        "trial_num": 19,
        "training_object": "TROBJ13.JPG",
        "new_object": "NOVOBJ13.JPG",
        "heard_label": "tram.wav",
        "trained_label": "tram",
        "misp_label": "dram",
        "novel_label": 998,
        "corr_answer": "training_object",
        "condition": "corr",
        "exposure": 8,
        "novel": 0,
        "trial_type": 5,
        "heard_at_test": "tram.wav",
        "token_num": "_1",
        "token_label": "tram_1.wav",
        "heard_at_training": "tram_1.wav"
    },
    {
        "block_num": 2,
        "trial_num": 19,
        "training_object": "TROBJ13.JPG",
        "new_object": "NOVOBJ13.JPG",
        "heard_label": "tram.wav",
        "trained_label": "tram",
        "misp_label": "dram",
        "novel_label": 998,
        "corr_answer": "training_object",
        "condition": "corr",
        "exposure": 8,
        "novel": 0,
        "trial_type": 5,
        "heard_at_test": "tram.wav",
        "token_num": "_2",
        "token_label": "tram_2.wav",
        "heard_at_training": "tram_2.wav"
    },
    {
        "block_num": 2,
        "trial_num": 19,
        "training_object": "TROBJ13.JPG",
        "new_object": "NOVOBJ13.JPG",
        "heard_label": "tram.wav",
        "trained_label": "tram",
        "misp_label": "dram",
        "novel_label": 998,
        "corr_answer": "training_object",
        "condition": "corr",
        "exposure": 8,
        "novel": 0,
        "trial_type": 5,
        "heard_at_test": "tram.wav",
        "token_num": "_3",
        "token_label": "tram_3.wav",
        "heard_at_training": "tram_3.wav"
    },
    {
        "block_num": 2,
        "trial_num": 19,
        "training_object": "TROBJ13.JPG",
        "new_object": "NOVOBJ13.JPG",
        "heard_label": "tram.wav",
        "trained_label": "tram",
        "misp_label": "dram",
        "novel_label": 998,
        "corr_answer": "training_object",
        "condition": "corr",
        "exposure": 8,
        "novel": 0,
        "trial_type": 5,
        "heard_at_test": "tram.wav",
        "token_num": "_4",
        "token_label": "tram_4.wav",
        "heard_at_training": "tram_4.wav"
    },
    {
        "block_num": 2,
        "trial_num": 19,
        "training_object": "TROBJ13.JPG",
        "new_object": "NOVOBJ13.JPG",
        "heard_label": "tram.wav",
        "trained_label": "tram",
        "misp_label": "dram",
        "novel_label": 998,
        "corr_answer": "training_object",
        "condition": "corr",
        "exposure": 8,
        "novel": 0,
        "trial_type": 5,
        "heard_at_test": "tram.wav",
        "token_num": "_5",
        "token_label": "tram_5.wav",
        "heard_at_training": "tram_5.wav"
    },
    {
        "block_num": 2,
        "trial_num": 19,
        "training_object": "TROBJ13.JPG",
        "new_object": "NOVOBJ13.JPG",
        "heard_label": "tram.wav",
        "trained_label": "tram",
        "misp_label": "dram",
        "novel_label": 998,
        "corr_answer": "training_object",
        "condition": "corr",
        "exposure": 8,
        "novel": 0,
        "trial_type": 5,
        "heard_at_test": "tram.wav",
        "token_num": "_6",
        "token_label": "tram_6.wav",
        "heard_at_training": "tram_6.wav"
    },
    {
        "block_num": 2,
        "trial_num": 19,
        "training_object": "TROBJ13.JPG",
        "new_object": "NOVOBJ13.JPG",
        "heard_label": "tram.wav",
        "trained_label": "tram",
        "misp_label": "dram",
        "novel_label": 998,
        "corr_answer": "training_object",
        "condition": "corr",
        "exposure": 8,
        "novel": 0,
        "trial_type": 5,
        "heard_at_test": "tram.wav",
        "token_num": "_7",
        "token_label": "tram_7.wav",
        "heard_at_training": "tram_7.wav"
    },
    {
        "block_num": 2,
        "trial_num": 20,
        "training_object": "TROBJ14.JPG",
        "new_object": "NOVOBJ20.JPG",
        "heard_label": "doIp.wav",
        "trained_label": "toIp",
        "misp_label": "doIp",
        "novel_label": 998,
        "corr_answer": "new_object",
        "condition": "mis",
        "exposure": 8,
        "novel": 0,
        "trial_type": 6,
        "heard_at_test": "doIp.wav",
        "token_num": "",
        "token_label": "toIp.wav",
        "heard_at_training": "toIp.wav"
    },
    {
        "block_num": 2,
        "trial_num": 20,
        "training_object": "TROBJ14.JPG",
        "new_object": "NOVOBJ20.JPG",
        "heard_label": "doIp.wav",
        "trained_label": "toIp",
        "misp_label": "doIp",
        "novel_label": 998,
        "corr_answer": "new_object",
        "condition": "mis",
        "exposure": 8,
        "novel": 0,
        "trial_type": 6,
        "heard_at_test": "doIp.wav",
        "token_num": "_1",
        "token_label": "toIp_1.wav",
        "heard_at_training": "toIp_1.wav"
    },
    {
        "block_num": 2,
        "trial_num": 20,
        "training_object": "TROBJ14.JPG",
        "new_object": "NOVOBJ20.JPG",
        "heard_label": "doIp.wav",
        "trained_label": "toIp",
        "misp_label": "doIp",
        "novel_label": 998,
        "corr_answer": "new_object",
        "condition": "mis",
        "exposure": 8,
        "novel": 0,
        "trial_type": 6,
        "heard_at_test": "doIp.wav",
        "token_num": "_2",
        "token_label": "toIp_2.wav",
        "heard_at_training": "toIp_2.wav"
    },
    {
        "block_num": 2,
        "trial_num": 20,
        "training_object": "TROBJ14.JPG",
        "new_object": "NOVOBJ20.JPG",
        "heard_label": "doIp.wav",
        "trained_label": "toIp",
        "misp_label": "doIp",
        "novel_label": 998,
        "corr_answer": "new_object",
        "condition": "mis",
        "exposure": 8,
        "novel": 0,
        "trial_type": 6,
        "heard_at_test": "doIp.wav",
        "token_num": "_3",
        "token_label": "toIp_3.wav",
        "heard_at_training": "toIp_3.wav"
    },
    {
        "block_num": 2,
        "trial_num": 20,
        "training_object": "TROBJ14.JPG",
        "new_object": "NOVOBJ20.JPG",
        "heard_label": "doIp.wav",
        "trained_label": "toIp",
        "misp_label": "doIp",
        "novel_label": 998,
        "corr_answer": "new_object",
        "condition": "mis",
        "exposure": 8,
        "novel": 0,
        "trial_type": 6,
        "heard_at_test": "doIp.wav",
        "token_num": "_4",
        "token_label": "toIp_4.wav",
        "heard_at_training": "toIp_4.wav"
    },
    {
        "block_num": 2,
        "trial_num": 20,
        "training_object": "TROBJ14.JPG",
        "new_object": "NOVOBJ20.JPG",
        "heard_label": "doIp.wav",
        "trained_label": "toIp",
        "misp_label": "doIp",
        "novel_label": 998,
        "corr_answer": "new_object",
        "condition": "mis",
        "exposure": 8,
        "novel": 0,
        "trial_type": 6,
        "heard_at_test": "doIp.wav",
        "token_num": "_5",
        "token_label": "toIp_5.wav",
        "heard_at_training": "toIp_5.wav"
    },
    {
        "block_num": 2,
        "trial_num": 20,
        "training_object": "TROBJ14.JPG",
        "new_object": "NOVOBJ20.JPG",
        "heard_label": "doIp.wav",
        "trained_label": "toIp",
        "misp_label": "doIp",
        "novel_label": 998,
        "corr_answer": "new_object",
        "condition": "mis",
        "exposure": 8,
        "novel": 0,
        "trial_type": 6,
        "heard_at_test": "doIp.wav",
        "token_num": "_6",
        "token_label": "toIp_6.wav",
        "heard_at_training": "toIp_6.wav"
    },
    {
        "block_num": 2,
        "trial_num": 20,
        "training_object": "TROBJ14.JPG",
        "new_object": "NOVOBJ20.JPG",
        "heard_label": "doIp.wav",
        "trained_label": "toIp",
        "misp_label": "doIp",
        "novel_label": 998,
        "corr_answer": "new_object",
        "condition": "mis",
        "exposure": 8,
        "novel": 0,
        "trial_type": 6,
        "heard_at_test": "doIp.wav",
        "token_num": "_7",
        "token_label": "toIp_7.wav",
        "heard_at_training": "toIp_7.wav"
    }
]