[
    {
        "block_num": 3,
        "trial_num": 40,
        "training_object": "TROBJ28.JPG",
        "new_object": "NOVOBJ40.JPG",
        "heard_label": "tuv.wav",
        "trained_label": "tuv",
        "misp_label": "kuv",
        "novel_label": 998,
        "corr_answer": "training_object",
        "condition": "corr",
        "exposure": 1,
        "novel": 0,
        "trial_type": 1,
        "heard_at_test": "tuv.wav",
        "token_num": "",
        "token_label": "tuv.wav",
        "heard_at_training": "tuv.wav"
    },
    {
        "block_num": 3,
        "trial_num": 41,
        "training_object": "TROBJ29.JPG",
        "new_object": "NOVOBJ41.JPG",
        "heard_label": "bEtS.wav",
        "trained_label": "dEtS",
        "misp_label": "bEtS",
        "novel_label": 998,
        "corr_answer": "new_object",
        "condition": "mis",
        "exposure": 1,
        "novel": 0,
        "trial_type": 2,
        "heard_at_test": "bEtS.wav",
        "token_num": "",
        "token_label": "dEtS.wav",
        "heard_at_training": "dEtS.wav"
    },
    {
        "block_num": 3,
        "trial_num": 42,
        "training_object": "TROBJ30.JPG",
        "new_object": "NOVOBJ42.JPG",
        "heard_label": "sot.wav",
        "trained_label": "sot",
        "misp_label": "zot",
        "novel_label": 998,
        "corr_answer": "training_object",
        "condition": "corr",
        "exposure": 5,
        "novel": 0,
        "trial_type": 3,
        "heard_at_test": "sot.wav",
        "token_num": "",
        "token_label": "sot.wav",
        "heard_at_training": "sot.wav"
    },
    {
        "block_num": 3,
        "trial_num": 42,
        "training_object": "TROBJ30.JPG",
        "new_object": "NOVOBJ42.JPG",
        "heard_label": "sot.wav",
        "trained_label": "sot",
        "misp_label": "zot",
        "novel_label": 998,
        "corr_answer": "training_object",
        "condition": "corr",
        "exposure": 5,
        "novel": 0,
        "trial_type": 3,
        "heard_at_test": "sot.wav",
        "token_num": "_4",
        "token_label": "sot_4.wav",
        "heard_at_training": "sot_4.wav"
    },
    {
        "block_num": 3,
        "trial_num": 42,
        "training_object": "TROBJ30.JPG",
        "new_object": "NOVOBJ42.JPG",
        "heard_label": "sot.wav",
        "trained_label": "sot",
        "misp_label": "zot",
        "novel_label": 998,
        "corr_answer": "training_object",
        "condition": "corr",
        "exposure": 5,
        "novel": 0,
        "trial_type": 3,
        "heard_at_test": "sot.wav",
        "token_num": "_5",
        "token_label": "sot_5.wav",
        "heard_at_training": "sot_5.wav"
    },
    {
        "block_num": 3,
        "trial_num": 42,
        "training_object": "TROBJ30.JPG",
        "new_object": "NOVOBJ42.JPG",
        "heard_label": "sot.wav",
        "trained_label": "sot",
        "misp_label": "zot",
        "novel_label": 998,
        "corr_answer": "training_object",
        "condition": "corr",
        "exposure": 5,
        "novel": 0,
        "trial_type": 3,
        "heard_at_test": "sot.wav",
        "token_num": "_6",
        "token_label": "sot_6.wav",
        "heard_at_training": "sot_6.wav"
    },
    {
        "block_num": 3,
        "trial_num": 42,
        "training_object": "TROBJ30.JPG",
        "new_object": "NOVOBJ42.JPG",
        "heard_label": "sot.wav",
        "trained_label": "sot",
        "misp_label": "zot",
        "novel_label": 998,
        "corr_answer": "training_object",
        "condition": "corr",
        "exposure": 5,
        "novel": 0,
        "trial_type": 3,
        "heard_at_test": "sot.wav",
        "token_num": "_7",
        "token_label": "sot_7.wav",
        "heard_at_training": "sot_7.wav"
    },
    {
        "block_num": 3,
        "trial_num": 43,
        "training_object": "TROBJ31.JPG",
        "new_object": "NOVOBJ43.JPG",
        "heard_label": "vaUm.wav",
        "trained_label": "faUm",
        "misp_label": "vaUm",
        "novel_label": 998,
        "corr_answer": "new_object",
        "condition": "mis",
        "exposure": 5,
        "novel": 0,
        "trial_type": 4,
        "heard_at_test": "vaUm.wav",
        "token_num": "",
        "token_label": "faUm.wav",
        "heard_at_training": "faUm.wav"
    },
    {
        "block_num": 3,
        "trial_num": 43,
        "training_object": "TROBJ31.JPG",
        "new_object": "NOVOBJ43.JPG",
        "heard_label": "vaUm.wav",
        "trained_label": "faUm",
        "misp_label": "vaUm",
        "novel_label": 998,
        "corr_answer": "new_object",
        "condition": "mis",
        "exposure": 5,
        "novel": 0,
        "trial_type": 4,
        "heard_at_test": "vaUm.wav",
        "token_num": "_4",
        "token_label": "faUm_4.wav",
        "heard_at_training": "faUm_4.wav"
    },
    {
        "block_num": 3,
        "trial_num": 43,
        "training_object": "TROBJ31.JPG",
        "new_object": "NOVOBJ43.JPG",
        "heard_label": "vaUm.wav",
        "trained_label": "faUm",
        "misp_label": "vaUm",
        "novel_label": 998,
        "corr_answer": "new_object",
        "condition": "mis",
        "exposure": 5,
        "novel": 0,
        "trial_type": 4,
        "heard_at_test": "vaUm.wav",
        "token_num": "_5",
        "token_label": "faUm_5.wav",
        "heard_at_training": "faUm_5.wav"
    },
    {
        "block_num": 3,
        "trial_num": 43,
        "training_object": "TROBJ31.JPG",
        "new_object": "NOVOBJ43.JPG",
        "heard_label": "vaUm.wav",
        "trained_label": "faUm",
        "misp_label": "vaUm",
        "novel_label": 998,
        "corr_answer": "new_object",
        "condition": "mis",
        "exposure": 5,
        "novel": 0,
        "trial_type": 4,
        "heard_at_test": "vaUm.wav",
        "token_num": "_6",
        "token_label": "faUm_6.wav",
        "heard_at_training": "faUm_6.wav"
    },
    {
        "block_num": 3,
        "trial_num": 43,
        "training_object": "TROBJ31.JPG",
        "new_object": "NOVOBJ43.JPG",
        "heard_label": "vaUm.wav",
        "trained_label": "faUm",
        "misp_label": "vaUm",
        "novel_label": 998,
        "corr_answer": "new_object",
        "condition": "mis",
        "exposure": 5,
        "novel": 0,
        "trial_type": 4,
        "heard_at_test": "vaUm.wav",
        "token_num": "_7",
        "token_label": "faUm_7.wav",
        "heard_at_training": "faUm_7.wav"
    },
    {
        "block_num": 3,
        "trial_num": 44,
        "training_object": "TROBJ32.JPG",
        "new_object": "NOVOBJ44.JPG",
        "heard_label": "gaIn.wav",
        "trained_label": "gaIn",
        "misp_label": "baIn",
        "novel_label": 998,
        "corr_answer": "training_object",
        "condition": "corr",
        "exposure": 8,
        "novel": 0,
        "trial_type": 5,
        "heard_at_test": "gaIn.wav",
        "token_num": "",
        "token_label": "gaIn.wav",
        "heard_at_training": "gaIn.wav"
    },
    {
        "block_num": 3,
        "trial_num": 44,
        "training_object": "TROBJ32.JPG",
        "new_object": "NOVOBJ44.JPG",
        "heard_label": "gaIn.wav",
        "trained_label": "gaIn",
        "misp_label": "baIn",
        "novel_label": 998,
        "corr_answer": "training_object",
        "condition": "corr",
        "exposure": 8,
        "novel": 0,
        "trial_type": 5,
        "heard_at_test": "gaIn.wav",
        "token_num": "_4",
        "token_label": "gaIn_4.wav",
        "heard_at_training": "gaIn_4.wav"
    },
    {
        "block_num": 3,
        "trial_num": 44,
        "training_object": "TROBJ32.JPG",
        "new_object": "NOVOBJ44.JPG",
        "heard_label": "gaIn.wav",
        "trained_label": "gaIn",
        "misp_label": "baIn",
        "novel_label": 998,
        "corr_answer": "training_object",
        "condition": "corr",
        "exposure": 8,
        "novel": 0,
        "trial_type": 5,
        "heard_at_test": "gaIn.wav",
        "token_num": "_5",
        "token_label": "gaIn_5.wav",
        "heard_at_training": "gaIn_5.wav"
    },
    {
        "block_num": 3,
        "trial_num": 44,
        "training_object": "TROBJ32.JPG",
        "new_object": "NOVOBJ44.JPG",
        "heard_label": "gaIn.wav",
        "trained_label": "gaIn",
        "misp_label": "baIn",
        "novel_label": 998,
        "corr_answer": "training_object",
        "condition": "corr",
        "exposure": 8,
        "novel": 0,
        "trial_type": 5,
        "heard_at_test": "gaIn.wav",
        "token_num": "_6",
        "token_label": "gaIn_6.wav",
        "heard_at_training": "gaIn_6.wav"
    },
    {
        "block_num": 3,
        "trial_num": 44,
        "training_object": "TROBJ32.JPG",
        "new_object": "NOVOBJ44.JPG",
        "heard_label": "gaIn.wav",
        "trained_label": "gaIn",
        "misp_label": "baIn",
        "novel_label": 998,
        "corr_answer": "training_object",
        "condition": "corr",
        "exposure": 8,
        "novel": 0,
        "trial_type": 5,
        "heard_at_test": "gaIn.wav",
        "token_num": "_7",
        "token_label": "gaIn_7.wav",
        "heard_at_training": "gaIn_7.wav"
    },
    {
        "block_num": 3,
        "trial_num": 44,
        "training_object": "TROBJ32.JPG",
        "new_object": "NOVOBJ44.JPG",
        "heard_label": "gaIn.wav",
        "trained_label": "gaIn",
        "misp_label": "baIn",
        "novel_label": 998,
        "corr_answer": "training_object",
        "condition": "corr",
        "exposure": 8,
        "novel": 0,
        "trial_type": 5,
        "heard_at_test": "gaIn.wav",
        "token_num": "_1",
        "token_label": "gaIn_1.wav",
        "heard_at_training": "gaIn_1.wav"
    },
    {
        "block_num": 3,
        "trial_num": 44,
        "training_object": "TROBJ32.JPG",
        "new_object": "NOVOBJ44.JPG",
        "heard_label": "gaIn.wav",
        "trained_label": "gaIn",
        "misp_label": "baIn",
        "novel_label": 998,
        "corr_answer": "training_object",
        "condition": "corr",
        "exposure": 8,
        "novel": 0,
        "trial_type": 5,
        "heard_at_test": "gaIn.wav",
        "token_num": "_2",
        "token_label": "gaIn_2.wav",
        "heard_at_training": "gaIn_2.wav"
    },
    {
        "block_num": 3,
        "trial_num": 44,
        "training_object": "TROBJ32.JPG",
        "new_object": "NOVOBJ44.JPG",
        "heard_label": "gaIn.wav",
        "trained_label": "gaIn",
        "misp_label": "baIn",
        "novel_label": 998,
        "corr_answer": "training_object",
        "condition": "corr",
        "exposure": 8,
        "novel": 0,
        "trial_type": 5,
        "heard_at_test": "gaIn.wav",
        "token_num": "_3",
        "token_label": "gaIn_3.wav",
        "heard_at_training": "gaIn_3.wav"
    },
    {
        "block_num": 3,
        "trial_num": 45,
        "training_object": "TROBJ33.JPG",
        "new_object": "NOVOBJ45.JPG",
        "heard_label": "greb.wav",
        "trained_label": "dreb",
        "misp_label": "greb",
        "novel_label": 998,
        "corr_answer": "new_object",
        "condition": "mis",
        "exposure": 8,
        "novel": 0,
        "trial_type": 6,
        "heard_at_test": "greb.wav",
        "token_num": "",
        "token_label": "dreb.wav",
        "heard_at_training": "dreb.wav"
    },
    {
        "block_num": 3,
        "trial_num": 45,
        "training_object": "TROBJ33.JPG",
        "new_object": "NOVOBJ45.JPG",
        "heard_label": "greb.wav",
        "trained_label": "dreb",
        "misp_label": "greb",
        "novel_label": 998,
        "corr_answer": "new_object",
        "condition": "mis",
        "exposure": 8,
        "novel": 0,
        "trial_type": 6,
        "heard_at_test": "greb.wav",
        "token_num": "_4",
        "token_label": "dreb_4.wav",
        "heard_at_training": "dreb_4.wav"
    },
    {
        "block_num": 3,
        "trial_num": 45,
        "training_object": "TROBJ33.JPG",
        "new_object": "NOVOBJ45.JPG",
        "heard_label": "greb.wav",
        "trained_label": "dreb",
        "misp_label": "greb",
        "novel_label": 998,
        "corr_answer": "new_object",
        "condition": "mis",
        "exposure": 8,
        "novel": 0,
        "trial_type": 6,
        "heard_at_test": "greb.wav",
        "token_num": "_5",
        "token_label": "dreb_5.wav",
        "heard_at_training": "dreb_5.wav"
    },
    {
        "block_num": 3,
        "trial_num": 45,
        "training_object": "TROBJ33.JPG",
        "new_object": "NOVOBJ45.JPG",
        "heard_label": "greb.wav",
        "trained_label": "dreb",
        "misp_label": "greb",
        "novel_label": 998,
        "corr_answer": "new_object",
        "condition": "mis",
        "exposure": 8,
        "novel": 0,
        "trial_type": 6,
        "heard_at_test": "greb.wav",
        "token_num": "_6",
        "token_label": "dreb_6.wav",
        "heard_at_training": "dreb_6.wav"
    },
    {
        "block_num": 3,
        "trial_num": 45,
        "training_object": "TROBJ33.JPG",
        "new_object": "NOVOBJ45.JPG",
        "heard_label": "greb.wav",
        "trained_label": "dreb",
        "misp_label": "greb",
        "novel_label": 998,
        "corr_answer": "new_object",
        "condition": "mis",
        "exposure": 8,
        "novel": 0,
        "trial_type": 6,
        "heard_at_test": "greb.wav",
        "token_num": "_7",
        "token_label": "dreb_7.wav",
        "heard_at_training": "dreb_7.wav"
    },
    {
        "block_num": 3,
        "trial_num": 45,
        "training_object": "TROBJ33.JPG",
        "new_object": "NOVOBJ45.JPG",
        "heard_label": "greb.wav",
        "trained_label": "dreb",
        "misp_label": "greb",
        "novel_label": 998,
        "corr_answer": "new_object",
        "condition": "mis",
        "exposure": 8,
        "novel": 0,
        "trial_type": 6,
        "heard_at_test": "greb.wav",
        "token_num": "_1",
        "token_label": "dreb_1.wav",
        "heard_at_training": "dreb_1.wav"
    },
    {
        "block_num": 3,
        "trial_num": 45,
        "training_object": "TROBJ33.JPG",
        "new_object": "NOVOBJ45.JPG",
        "heard_label": "greb.wav",
        "trained_label": "dreb",
        "misp_label": "greb",
        "novel_label": 998,
        "corr_answer": "new_object",
        "condition": "mis",
        "exposure": 8,
        "novel": 0,
        "trial_type": 6,
        "heard_at_test": "greb.wav",
        "token_num": "_2",
        "token_label": "dreb_2.wav",
        "heard_at_training": "dreb_2.wav"
    },
    {
        "block_num": 3,
        "trial_num": 45,
        "training_object": "TROBJ33.JPG",
        "new_object": "NOVOBJ45.JPG",
        "heard_label": "greb.wav",
        "trained_label": "dreb",
        "misp_label": "greb",
        "novel_label": 998,
        "corr_answer": "new_object",
        "condition": "mis",
        "exposure": 8,
        "novel": 0,
        "trial_type": 6,
        "heard_at_test": "greb.wav",
        "token_num": "_3",
        "token_label": "dreb_3.wav",
        "heard_at_training": "dreb_3.wav"
    },
    {
        "block_num": 3,
        "trial_num": 46,
        "training_object": "TROBJ34.JPG",
        "new_object": "NOVOBJ46.JPG",
        "heard_label": "baev.wav",
        "trained_label": "baev",
        "misp_label": "gaev",
        "novel_label": 998,
        "corr_answer": "training_object",
        "condition": "corr",
        "exposure": 1,
        "novel": 1,
        "trial_type": 1,
        "heard_at_test": "baev.wav",
        "token_num": "",
        "token_label": "baev.wav",
        "heard_at_training": "baev.wav"
    },
    {
        "block_num": 3,
        "trial_num": 47,
        "training_object": "TROBJ35.JPG",
        "new_object": "NOVOBJ47.JPG",
        "heard_label": "saeb.wav",
        "trained_label": "zaeb",
        "misp_label": "saeb",
        "novel_label": 998,
        "corr_answer": "new_object",
        "condition": "mis",
        "exposure": 1,
        "novel": 1,
        "trial_type": 2,
        "heard_at_test": "saeb.wav",
        "token_num": "",
        "token_label": "zaeb.wav",
        "heard_at_training": "zaeb.wav"
    },
    {
        "block_num": 3,
        "trial_num": 48,
        "training_object": "TROBJ36.JPG",
        "new_object": "NOVOBJ48.JPG",
        "heard_label": "buZ.wav",
        "trained_label": "buZ",
        "misp_label": "puZ",
        "novel_label": 998,
        "corr_answer": "training_object",
        "condition": "corr",
        "exposure": 5,
        "novel": 1,
        "trial_type": 3,
        "heard_at_test": "buZ.wav",
        "token_num": "",
        "token_label": "buZ.wav",
        "heard_at_training": "buZ.wav"
    },
    {
        "block_num": 3,
        "trial_num": 48,
        "training_object": "TROBJ36.JPG",
        "new_object": "NOVOBJ48.JPG",
        "heard_label": "buZ.wav",
        "trained_label": "buZ",
        "misp_label": "puZ",
        "novel_label": 998,
        "corr_answer": "training_object",
        "condition": "corr",
        "exposure": 5,
        "novel": 1,
        "trial_type": 3,
        "heard_at_test": "buZ.wav",
        "token_num": "_4",
        "token_label": "buZ_4.wav",
        "heard_at_training": "buZ_4.wav"
    },
    {
        "block_num": 3,
        "trial_num": 48,
        "training_object": "TROBJ36.JPG",
        "new_object": "NOVOBJ48.JPG",
        "heard_label": "buZ.wav",
        "trained_label": "buZ",
        "misp_label": "puZ",
        "novel_label": 998,
        "corr_answer": "training_object",
        "condition": "corr",
        "exposure": 5,
        "novel": 1,
        "trial_type": 3,
        "heard_at_test": "buZ.wav",
        "token_num": "_5",
        "token_label": "buZ_5.wav",
        "heard_at_training": "buZ_5.wav"
    },
    {
        "block_num": 3,
        "trial_num": 48,
        "training_object": "TROBJ36.JPG",
        "new_object": "NOVOBJ48.JPG",
        "heard_label": "buZ.wav",
        "trained_label": "buZ",
        "misp_label": "puZ",
        "novel_label": 998,
        "corr_answer": "training_object",
        "condition": "corr",
        "exposure": 5,
        "novel": 1,
        "trial_type": 3,
        "heard_at_test": "buZ.wav",
        "token_num": "_6",
        "token_label": "buZ_6.wav",
        "heard_at_training": "buZ_6.wav"
    },
    {
        "block_num": 3,
        "trial_num": 48,
        "training_object": "TROBJ36.JPG",
        "new_object": "NOVOBJ48.JPG",
        "heard_label": "buZ.wav",
        "trained_label": "buZ",
        "misp_label": "puZ",
        "novel_label": 998,
        "corr_answer": "training_object",
        "condition": "corr",
        "exposure": 5,
        "novel": 1,
        "trial_type": 3,
        "heard_at_test": "buZ.wav",
        "token_num": "_7",
        "token_label": "buZ_7.wav",
        "heard_at_training": "buZ_7.wav"
    },
    {
        "block_num": 3,
        "trial_num": 37,
        "training_object": "TROBJ25.JPG",
        "new_object": "NOVOBJ37.JPG",
        "heard_label": "zUd.wav",
        "trained_label": "sUd",
        "misp_label": "zUd",
        "novel_label": 998,
        "corr_answer": "new_object",
        "condition": "mis",
        "exposure": 5,
        "novel": 1,
        "trial_type": 4,
        "heard_at_test": "zUd.wav",
        "token_num": "",
        "token_label": "sUd.wav",
        "heard_at_training": "sUd.wav"
    },
    {
        "block_num": 3,
        "trial_num": 37,
        "training_object": "TROBJ25.JPG",
        "new_object": "NOVOBJ37.JPG",
        "heard_label": "zUd.wav",
        "trained_label": "sUd",
        "misp_label": "zUd",
        "novel_label": 998,
        "corr_answer": "new_object",
        "condition": "mis",
        "exposure": 5,
        "novel": 1,
        "trial_type": 4,
        "heard_at_test": "zUd.wav",
        "token_num": "_4",
        "token_label": "sUd_4.wav",
        "heard_at_training": "sUd_4.wav"
    },
    {
        "block_num": 3,
        "trial_num": 37,
        "training_object": "TROBJ25.JPG",
        "new_object": "NOVOBJ37.JPG",
        "heard_label": "zUd.wav",
        "trained_label": "sUd",
        "misp_label": "zUd",
        "novel_label": 998,
        "corr_answer": "new_object",
        "condition": "mis",
        "exposure": 5,
        "novel": 1,
        "trial_type": 4,
        "heard_at_test": "zUd.wav",
        "token_num": "_5",
        "token_label": "sUd_5.wav",
        "heard_at_training": "sUd_5.wav"
    },
    {
        "block_num": 3,
        "trial_num": 37,
        "training_object": "TROBJ25.JPG",
        "new_object": "NOVOBJ37.JPG",
        "heard_label": "zUd.wav",
        "trained_label": "sUd",
        "misp_label": "zUd",
        "novel_label": 998,
        "corr_answer": "new_object",
        "condition": "mis",
        "exposure": 5,
        "novel": 1,
        "trial_type": 4,
        "heard_at_test": "zUd.wav",
        "token_num": "_6",
        "token_label": "sUd_6.wav",
        "heard_at_training": "sUd_6.wav"
    },
    {
        "block_num": 3,
        "trial_num": 37,
        "training_object": "TROBJ25.JPG",
        "new_object": "NOVOBJ37.JPG",
        "heard_label": "zUd.wav",
        "trained_label": "sUd",
        "misp_label": "zUd",
        "novel_label": 998,
        "corr_answer": "new_object",
        "condition": "mis",
        "exposure": 5,
        "novel": 1,
        "trial_type": 4,
        "heard_at_test": "zUd.wav",
        "token_num": "_7",
        "token_label": "sUd_7.wav",
        "heard_at_training": "sUd_7.wav"
    },
    {
        "block_num": 3,
        "trial_num": 38,
        "training_object": "TROBJ26.JPG",
        "new_object": "NOVOBJ38.JPG",
        "heard_label": "grol.wav",
        "trained_label": "grol",
        "misp_label": "brol",
        "novel_label": 998,
        "corr_answer": "training_object",
        "condition": "corr",
        "exposure": 8,
        "novel": 1,
        "trial_type": 5,
        "heard_at_test": "grol.wav",
        "token_num": "",
        "token_label": "grol.wav",
        "heard_at_training": "grol.wav"
    },
    {
        "block_num": 3,
        "trial_num": 38,
        "training_object": "TROBJ26.JPG",
        "new_object": "NOVOBJ38.JPG",
        "heard_label": "grol.wav",
        "trained_label": "grol",
        "misp_label": "brol",
        "novel_label": 998,
        "corr_answer": "training_object",
        "condition": "corr",
        "exposure": 8,
        "novel": 1,
        "trial_type": 5,
        "heard_at_test": "grol.wav",
        "token_num": "_4",
        "token_label": "grol_4.wav",
        "heard_at_training": "grol_4.wav"
    },
    {
        "block_num": 3,
        "trial_num": 38,
        "training_object": "TROBJ26.JPG",
        "new_object": "NOVOBJ38.JPG",
        "heard_label": "grol.wav",
        "trained_label": "grol",
        "misp_label": "brol",
        "novel_label": 998,
        "corr_answer": "training_object",
        "condition": "corr",
        "exposure": 8,
        "novel": 1,
        "trial_type": 5,
        "heard_at_test": "grol.wav",
        "token_num": "_5",
        "token_label": "grol_5.wav",
        "heard_at_training": "grol_5.wav"
    },
    {
        "block_num": 3,
        "trial_num": 38,
        "training_object": "TROBJ26.JPG",
        "new_object": "NOVOBJ38.JPG",
        "heard_label": "grol.wav",
        "trained_label": "grol",
        "misp_label": "brol",
        "novel_label": 998,
        "corr_answer": "training_object",
        "condition": "corr",
        "exposure": 8,
        "novel": 1,
        "trial_type": 5,
        "heard_at_test": "grol.wav",
        "token_num": "_6",
        "token_label": "grol_6.wav",
        "heard_at_training": "grol_6.wav"
    },
    {
        "block_num": 3,
        "trial_num": 38,
        "training_object": "TROBJ26.JPG",
        "new_object": "NOVOBJ38.JPG",
        "heard_label": "grol.wav",
        "trained_label": "grol",
        "misp_label": "brol",
        "novel_label": 998,
        "corr_answer": "training_object",
        "condition": "corr",
        "exposure": 8,
        "novel": 1,
        "trial_type": 5,
        "heard_at_test": "grol.wav",
        "token_num": "_7",
        "token_label": "grol_7.wav",
        "heard_at_training": "grol_7.wav"
    },
    {
        "block_num": 3,
        "trial_num": 38,
        "training_object": "TROBJ26.JPG",
        "new_object": "NOVOBJ38.JPG",
        "heard_label": "grol.wav",
        "trained_label": "grol",
        "misp_label": "brol",
        "novel_label": 998,
        "corr_answer": "training_object",
        "condition": "corr",
        "exposure": 8,
        "novel": 1,
        "trial_type": 5,
        "heard_at_test": "grol.wav",
        "token_num": "_1",
        "token_label": "grol_1.wav",
        "heard_at_training": "grol_1.wav"
    },
    {
        "block_num": 3,
        "trial_num": 38,
        "training_object": "TROBJ26.JPG",
        "new_object": "NOVOBJ38.JPG",
        "heard_label": "grol.wav",
        "trained_label": "grol",
        "misp_label": "brol",
        "novel_label": 998,
        "corr_answer": "training_object",
        "condition": "corr",
        "exposure": 8,
        "novel": 1,
        "trial_type": 5,
        "heard_at_test": "grol.wav",
        "token_num": "_2",
        "token_label": "grol_2.wav",
        "heard_at_training": "grol_2.wav"
    },
    {
        "block_num": 3,
        "trial_num": 38,
        "training_object": "TROBJ26.JPG",
        "new_object": "NOVOBJ38.JPG",
        "heard_label": "grol.wav",
        "trained_label": "grol",
        "misp_label": "brol",
        "novel_label": 998,
        "corr_answer": "training_object",
        "condition": "corr",
        "exposure": 8,
        "novel": 1,
        "trial_type": 5,
        "heard_at_test": "grol.wav",
        "token_num": "_3",
        "token_label": "grol_3.wav",
        "heard_at_training": "grol_3.wav"
    },
    {
        "block_num": 3,
        "trial_num": 39,
        "training_object": "TROBJ27.JPG",
        "new_object": "NOVOBJ39.JPG",
        "heard_label": "sVl.wav",
        "trained_label": "zVl",
        "misp_label": "sVl",
        "novel_label": 998,
        "corr_answer": "new_object",
        "condition": "mis",
        "exposure": 8,
        "novel": 1,
        "trial_type": 6,
        "heard_at_test": "sVl.wav",
        "token_num": "",
        "token_label": "zVl.wav",
        "heard_at_training": "zVl.wav"
    },
    {
        "block_num": 3,
        "trial_num": 39,
        "training_object": "TROBJ27.JPG",
        "new_object": "NOVOBJ39.JPG",
        "heard_label": "sVl.wav",
        "trained_label": "zVl",
        "misp_label": "sVl",
        "novel_label": 998,
        "corr_answer": "new_object",
        "condition": "mis",
        "exposure": 8,
        "novel": 1,
        "trial_type": 6,
        "heard_at_test": "sVl.wav",
        "token_num": "_4",
        "token_label": "zVl_4.wav",
        "heard_at_training": "zVl_4.wav"
    },
    {
        "block_num": 3,
        "trial_num": 39,
        "training_object": "TROBJ27.JPG",
        "new_object": "NOVOBJ39.JPG",
        "heard_label": "sVl.wav",
        "trained_label": "zVl",
        "misp_label": "sVl",
        "novel_label": 998,
        "corr_answer": "new_object",
        "condition": "mis",
        "exposure": 8,
        "novel": 1,
        "trial_type": 6,
        "heard_at_test": "sVl.wav",
        "token_num": "_5",
        "token_label": "zVl_5.wav",
        "heard_at_training": "zVl_5.wav"
    },
    {
        "block_num": 3,
        "trial_num": 39,
        "training_object": "TROBJ27.JPG",
        "new_object": "NOVOBJ39.JPG",
        "heard_label": "sVl.wav",
        "trained_label": "zVl",
        "misp_label": "sVl",
        "novel_label": 998,
        "corr_answer": "new_object",
        "condition": "mis",
        "exposure": 8,
        "novel": 1,
        "trial_type": 6,
        "heard_at_test": "sVl.wav",
        "token_num": "_6",
        "token_label": "zVl_6.wav",
        "heard_at_training": "zVl_6.wav"
    },
    {
        "block_num": 3,
        "trial_num": 39,
        "training_object": "TROBJ27.JPG",
        "new_object": "NOVOBJ39.JPG",
        "heard_label": "sVl.wav",
        "trained_label": "zVl",
        "misp_label": "sVl",
        "novel_label": 998,
        "corr_answer": "new_object",
        "condition": "mis",
        "exposure": 8,
        "novel": 1,
        "trial_type": 6,
        "heard_at_test": "sVl.wav",
        "token_num": "_7",
        "token_label": "zVl_7.wav",
        "heard_at_training": "zVl_7.wav"
    },
    {
        "block_num": 3,
        "trial_num": 39,
        "training_object": "TROBJ27.JPG",
        "new_object": "NOVOBJ39.JPG",
        "heard_label": "sVl.wav",
        "trained_label": "zVl",
        "misp_label": "sVl",
        "novel_label": 998,
        "corr_answer": "new_object",
        "condition": "mis",
        "exposure": 8,
        "novel": 1,
        "trial_type": 6,
        "heard_at_test": "sVl.wav",
        "token_num": "_1",
        "token_label": "zVl_1.wav",
        "heard_at_training": "zVl_1.wav"
    },
    {
        "block_num": 3,
        "trial_num": 39,
        "training_object": "TROBJ27.JPG",
        "new_object": "NOVOBJ39.JPG",
        "heard_label": "sVl.wav",
        "trained_label": "zVl",
        "misp_label": "sVl",
        "novel_label": 998,
        "corr_answer": "new_object",
        "condition": "mis",
        "exposure": 8,
        "novel": 1,
        "trial_type": 6,
        "heard_at_test": "sVl.wav",
        "token_num": "_2",
        "token_label": "zVl_2.wav",
        "heard_at_training": "zVl_2.wav"
    },
    {
        "block_num": 3,
        "trial_num": 39,
        "training_object": "TROBJ27.JPG",
        "new_object": "NOVOBJ39.JPG",
        "heard_label": "sVl.wav",
        "trained_label": "zVl",
        "misp_label": "sVl",
        "novel_label": 998,
        "corr_answer": "new_object",
        "condition": "mis",
        "exposure": 8,
        "novel": 1,
        "trial_type": 6,
        "heard_at_test": "sVl.wav",
        "token_num": "_3",
        "token_label": "zVl_3.wav",
        "heard_at_training": "zVl_3.wav"
    }
]