[
    {
        "block_num": 1,
        "trial_num": 4,
        "training_object": "TROBJ4.JPG",
        "new_object": "NOVOBJ4.JPG",
        "heard_label": "blEm.wav",
        "trained_label": "blEm",
        "misp_label": "glEm",
        "novel_label": 998,
        "corr_answer": "training_object",
        "condition": "corr",
        "exposure": 1,
        "novel": 0,
        "trial_type": 1,
        "heard_at_test": "blEm.wav",
        "token_num": "",
        "token_label": "blEm.wav",
        "heard_at_training": "blEm.wav"
    },
    {
        "block_num": 1,
        "trial_num": 5,
        "training_object": "TROBJ5.JPG",
        "new_object": "NOVOBJ5.JPG",
        "heard_label": "Sib.wav",
        "trained_label": "Zib1",
        "misp_label": "Sib",
        "novel_label": 998,
        "corr_answer": "new_object",
        "condition": "mis",
        "exposure": 1,
        "novel": 0,
        "trial_type": 2,
        "heard_at_test": "Sib.wav",
        "token_num": "",
        "token_label": "Zib1.wav",
        "heard_at_training": "Zib1.wav"
    },
    {
        "block_num": 1,
        "trial_num": 6,
        "training_object": "TROBJ6.JPG",
        "new_object": "NOVOBJ6.JPG",
        "heard_label": "thVp.wav",
        "trained_label": "thVp",
        "misp_label": "fVp",
        "novel_label": 998,
        "corr_answer": "training_object",
        "condition": "corr",
        "exposure": 5,
        "novel": 0,
        "trial_type": 3,
        "heard_at_test": "thVp.wav",
        "token_num": "",
        "token_label": "thVp.wav",
        "heard_at_training": "thVp.wav"
    },
    {
        "block_num": 1,
        "trial_num": 6,
        "training_object": "TROBJ6.JPG",
        "new_object": "NOVOBJ6.JPG",
        "heard_label": "thVp.wav",
        "trained_label": "thVp",
        "misp_label": "fVp",
        "novel_label": 998,
        "corr_answer": "training_object",
        "condition": "corr",
        "exposure": 5,
        "novel": 0,
        "trial_type": 3,
        "heard_at_test": "thVp.wav",
        "token_num": "_1",
        "token_label": "thVp_1.wav",
        "heard_at_training": "thVp_1.wav"
    },
    {
        "block_num": 1,
        "trial_num": 6,
        "training_object": "TROBJ6.JPG",
        "new_object": "NOVOBJ6.JPG",
        "heard_label": "thVp.wav",
        "trained_label": "thVp",
        "misp_label": "fVp",
        "novel_label": 998,
        "corr_answer": "training_object",
        "condition": "corr",
        "exposure": 5,
        "novel": 0,
        "trial_type": 3,
        "heard_at_test": "thVp.wav",
        "token_num": "_2",
        "token_label": "thVp_2.wav",
        "heard_at_training": "thVp_2.wav"
    },
    {
        "block_num": 1,
        "trial_num": 6,
        "training_object": "TROBJ6.JPG",
        "new_object": "NOVOBJ6.JPG",
        "heard_label": "thVp.wav",
        "trained_label": "thVp",
        "misp_label": "fVp",
        "novel_label": 998,
        "corr_answer": "training_object",
        "condition": "corr",
        "exposure": 5,
        "novel": 0,
        "trial_type": 3,
        "heard_at_test": "thVp.wav",
        "token_num": "_3",
        "token_label": "thVp_3.wav",
        "heard_at_training": "thVp_3.wav"
    },
    {
        "block_num": 1,
        "trial_num": 6,
        "training_object": "TROBJ6.JPG",
        "new_object": "NOVOBJ6.JPG",
        "heard_label": "thVp.wav",
        "trained_label": "thVp",
        "misp_label": "fVp",
        "novel_label": 998,
        "corr_answer": "training_object",
        "condition": "corr",
        "exposure": 5,
        "novel": 0,
        "trial_type": 3,
        "heard_at_test": "thVp.wav",
        "token_num": "_4",
        "token_label": "thVp_4.wav",
        "heard_at_training": "thVp_4.wav"
    },
    {
        "block_num": 1,
        "trial_num": 7,
        "training_object": "TROBJ7.JPG",
        "new_object": "NOVOBJ7.JPG",
        "heard_label": "Zub.wav",
        "trained_label": "Sub",
        "misp_label": "Zub",
        "novel_label": 998,
        "corr_answer": "new_object",
        "condition": "mis",
        "exposure": 5,
        "novel": 0,
        "trial_type": 4,
        "heard_at_test": "Zub.wav",
        "token_num": "",
        "token_label": "Sub.wav",
        "heard_at_training": "Sub.wav"
    },
    {
        "block_num": 1,
        "trial_num": 7,
        "training_object": "TROBJ7.JPG",
        "new_object": "NOVOBJ7.JPG",
        "heard_label": "Zub.wav",
        "trained_label": "Sub",
        "misp_label": "Zub",
        "novel_label": 998,
        "corr_answer": "new_object",
        "condition": "mis",
        "exposure": 5,
        "novel": 0,
        "trial_type": 4,
        "heard_at_test": "Zub.wav",
        "token_num": "_1",
        "token_label": "Sub_1.wav",
        "heard_at_training": "Sub_1.wav"
    },
    {
        "block_num": 1,
        "trial_num": 7,
        "training_object": "TROBJ7.JPG",
        "new_object": "NOVOBJ7.JPG",
        "heard_label": "Zub.wav",
        "trained_label": "Sub",
        "misp_label": "Zub",
        "novel_label": 998,
        "corr_answer": "new_object",
        "condition": "mis",
        "exposure": 5,
        "novel": 0,
        "trial_type": 4,
        "heard_at_test": "Zub.wav",
        "token_num": "_2",
        "token_label": "Sub_2.wav",
        "heard_at_training": "Sub_2.wav"
    },
    {
        "block_num": 1,
        "trial_num": 7,
        "training_object": "TROBJ7.JPG",
        "new_object": "NOVOBJ7.JPG",
        "heard_label": "Zub.wav",
        "trained_label": "Sub",
        "misp_label": "Zub",
        "novel_label": 998,
        "corr_answer": "new_object",
        "condition": "mis",
        "exposure": 5,
        "novel": 0,
        "trial_type": 4,
        "heard_at_test": "Zub.wav",
        "token_num": "_3",
        "token_label": "Sub_3.wav",
        "heard_at_training": "Sub_3.wav"
    },
    {
        "block_num": 1,
        "trial_num": 7,
        "training_object": "TROBJ7.JPG",
        "new_object": "NOVOBJ7.JPG",
        "heard_label": "Zub.wav",
        "trained_label": "Sub",
        "misp_label": "Zub",
        "novel_label": 998,
        "corr_answer": "new_object",
        "condition": "mis",
        "exposure": 5,
        "novel": 0,
        "trial_type": 4,
        "heard_at_test": "Zub.wav",
        "token_num": "_4",
        "token_label": "Sub_4.wav",
        "heard_at_training": "Sub_4.wav"
    },
    {
        "block_num": 1,
        "trial_num": 8,
        "training_object": "TROBJ8.JPG",
        "new_object": "NOVOBJ8.JPG",
        "heard_label": "kadZ.wav",
        "trained_label": "kadZ",
        "misp_label": "padZ",
        "novel_label": 998,
        "corr_answer": "training_object",
        "condition": "corr",
        "exposure": 8,
        "novel": 0,
        "trial_type": 5,
        "heard_at_test": "kadZ.wav",
        "token_num": "",
        "token_label": "kadZ.wav",
        "heard_at_training": "kadZ.wav"
    },
    {
        "block_num": 1,
        "trial_num": 8,
        "training_object": "TROBJ8.JPG",
        "new_object": "NOVOBJ8.JPG",
        "heard_label": "kadZ.wav",
        "trained_label": "kadZ",
        "misp_label": "padZ",
        "novel_label": 998,
        "corr_answer": "training_object",
        "condition": "corr",
        "exposure": 8,
        "novel": 0,
        "trial_type": 5,
        "heard_at_test": "kadZ.wav",
        "token_num": "_1",
        "token_label": "kadZ_1.wav",
        "heard_at_training": "kadZ_1.wav"
    },
    {
        "block_num": 1,
        "trial_num": 8,
        "training_object": "TROBJ8.JPG",
        "new_object": "NOVOBJ8.JPG",
        "heard_label": "kadZ.wav",
        "trained_label": "kadZ",
        "misp_label": "padZ",
        "novel_label": 998,
        "corr_answer": "training_object",
        "condition": "corr",
        "exposure": 8,
        "novel": 0,
        "trial_type": 5,
        "heard_at_test": "kadZ.wav",
        "token_num": "_2",
        "token_label": "kadZ_2.wav",
        "heard_at_training": "kadZ_2.wav"
    },
    {
        "block_num": 1,
        "trial_num": 8,
        "training_object": "TROBJ8.JPG",
        "new_object": "NOVOBJ8.JPG",
        "heard_label": "kadZ.wav",
        "trained_label": "kadZ",
        "misp_label": "padZ",
        "novel_label": 998,
        "corr_answer": "training_object",
        "condition": "corr",
        "exposure": 8,
        "novel": 0,
        "trial_type": 5,
        "heard_at_test": "kadZ.wav",
        "token_num": "_3",
        "token_label": "kadZ_3.wav",
        "heard_at_training": "kadZ_3.wav"
    },
    {
        "block_num": 1,
        "trial_num": 8,
        "training_object": "TROBJ8.JPG",
        "new_object": "NOVOBJ8.JPG",
        "heard_label": "kadZ.wav",
        "trained_label": "kadZ",
        "misp_label": "padZ",
        "novel_label": 998,
        "corr_answer": "training_object",
        "condition": "corr",
        "exposure": 8,
        "novel": 0,
        "trial_type": 5,
        "heard_at_test": "kadZ.wav",
        "token_num": "_4",
        "token_label": "kadZ_4.wav",
        "heard_at_training": "kadZ_4.wav"
    },
    {
        "block_num": 1,
        "trial_num": 8,
        "training_object": "TROBJ8.JPG",
        "new_object": "NOVOBJ8.JPG",
        "heard_label": "kadZ.wav",
        "trained_label": "kadZ",
        "misp_label": "padZ",
        "novel_label": 998,
        "corr_answer": "training_object",
        "condition": "corr",
        "exposure": 8,
        "novel": 0,
        "trial_type": 5,
        "heard_at_test": "kadZ.wav",
        "token_num": "_5",
        "token_label": "kadZ_5.wav",
        "heard_at_training": "kadZ_5.wav"
    },
    {
        "block_num": 1,
        "trial_num": 8,
        "training_object": "TROBJ8.JPG",
        "new_object": "NOVOBJ8.JPG",
        "heard_label": "kadZ.wav",
        "trained_label": "kadZ",
        "misp_label": "padZ",
        "novel_label": 998,
        "corr_answer": "training_object",
        "condition": "corr",
        "exposure": 8,
        "novel": 0,
        "trial_type": 5,
        "heard_at_test": "kadZ.wav",
        "token_num": "_6",
        "token_label": "kadZ_6.wav",
        "heard_at_training": "kadZ_6.wav"
    },
    {
        "block_num": 1,
        "trial_num": 8,
        "training_object": "TROBJ8.JPG",
        "new_object": "NOVOBJ8.JPG",
        "heard_label": "kadZ.wav",
        "trained_label": "kadZ",
        "misp_label": "padZ",
        "novel_label": 998,
        "corr_answer": "training_object",
        "condition": "corr",
        "exposure": 8,
        "novel": 0,
        "trial_type": 5,
        "heard_at_test": "kadZ.wav",
        "token_num": "_7",
        "token_label": "kadZ_7.wav",
        "heard_at_training": "kadZ_7.wav"
    },
    {
        "block_num": 1,
        "trial_num": 9,
        "training_object": "TROBJ9.JPG",
        "new_object": "NOVOBJ9.JPG",
        "heard_label": "vIdZ.wav",
        "trained_label": "fIdZ",
        "misp_label": "vIdZ",
        "novel_label": 998,
        "corr_answer": "new_object",
        "condition": "mis",
        "exposure": 8,
        "novel": 0,
        "trial_type": 6,
        "heard_at_test": "vIdZ.wav",
        "token_num": "",
        "token_label": "fIdZ.wav",
        "heard_at_training": "fIdZ.wav"
    },
    {
        "block_num": 1,
        "trial_num": 9,
        "training_object": "TROBJ9.JPG",
        "new_object": "NOVOBJ9.JPG",
        "heard_label": "vIdZ.wav",
        "trained_label": "fIdZ",
        "misp_label": "vIdZ",
        "novel_label": 998,
        "corr_answer": "new_object",
        "condition": "mis",
        "exposure": 8,
        "novel": 0,
        "trial_type": 6,
        "heard_at_test": "vIdZ.wav",
        "token_num": "_1",
        "token_label": "fIdZ_1.wav",
        "heard_at_training": "fIdZ_1.wav"
    },
    {
        "block_num": 1,
        "trial_num": 9,
        "training_object": "TROBJ9.JPG",
        "new_object": "NOVOBJ9.JPG",
        "heard_label": "vIdZ.wav",
        "trained_label": "fIdZ",
        "misp_label": "vIdZ",
        "novel_label": 998,
        "corr_answer": "new_object",
        "condition": "mis",
        "exposure": 8,
        "novel": 0,
        "trial_type": 6,
        "heard_at_test": "vIdZ.wav",
        "token_num": "_2",
        "token_label": "fIdZ_2.wav",
        "heard_at_training": "fIdZ_2.wav"
    },
    {
        "block_num": 1,
        "trial_num": 9,
        "training_object": "TROBJ9.JPG",
        "new_object": "NOVOBJ9.JPG",
        "heard_label": "vIdZ.wav",
        "trained_label": "fIdZ",
        "misp_label": "vIdZ",
        "novel_label": 998,
        "corr_answer": "new_object",
        "condition": "mis",
        "exposure": 8,
        "novel": 0,
        "trial_type": 6,
        "heard_at_test": "vIdZ.wav",
        "token_num": "_3",
        "token_label": "fIdZ_3.wav",
        "heard_at_training": "fIdZ_3.wav"
    },
    {
        "block_num": 1,
        "trial_num": 9,
        "training_object": "TROBJ9.JPG",
        "new_object": "NOVOBJ9.JPG",
        "heard_label": "vIdZ.wav",
        "trained_label": "fIdZ",
        "misp_label": "vIdZ",
        "novel_label": 998,
        "corr_answer": "new_object",
        "condition": "mis",
        "exposure": 8,
        "novel": 0,
        "trial_type": 6,
        "heard_at_test": "vIdZ.wav",
        "token_num": "_4",
        "token_label": "fIdZ_4.wav",
        "heard_at_training": "fIdZ_4.wav"
    },
    {
        "block_num": 1,
        "trial_num": 9,
        "training_object": "TROBJ9.JPG",
        "new_object": "NOVOBJ9.JPG",
        "heard_label": "vIdZ.wav",
        "trained_label": "fIdZ",
        "misp_label": "vIdZ",
        "novel_label": 998,
        "corr_answer": "new_object",
        "condition": "mis",
        "exposure": 8,
        "novel": 0,
        "trial_type": 6,
        "heard_at_test": "vIdZ.wav",
        "token_num": "_5",
        "token_label": "fIdZ_5.wav",
        "heard_at_training": "fIdZ_5.wav"
    },
    {
        "block_num": 1,
        "trial_num": 9,
        "training_object": "TROBJ9.JPG",
        "new_object": "NOVOBJ9.JPG",
        "heard_label": "vIdZ.wav",
        "trained_label": "fIdZ",
        "misp_label": "vIdZ",
        "novel_label": 998,
        "corr_answer": "new_object",
        "condition": "mis",
        "exposure": 8,
        "novel": 0,
        "trial_type": 6,
        "heard_at_test": "vIdZ.wav",
        "token_num": "_6",
        "token_label": "fIdZ_6.wav",
        "heard_at_training": "fIdZ_6.wav"
    },
    {
        "block_num": 1,
        "trial_num": 9,
        "training_object": "TROBJ9.JPG",
        "new_object": "NOVOBJ9.JPG",
        "heard_label": "vIdZ.wav",
        "trained_label": "fIdZ",
        "misp_label": "vIdZ",
        "novel_label": 998,
        "corr_answer": "new_object",
        "condition": "mis",
        "exposure": 8,
        "novel": 0,
        "trial_type": 6,
        "heard_at_test": "vIdZ.wav",
        "token_num": "_7",
        "token_label": "fIdZ_7.wav",
        "heard_at_training": "fIdZ_7.wav"
    },
    {
        "block_num": 1,
        "trial_num": 10,
        "training_object": "TROBJ10.JPG",
        "new_object": "NOVOBJ10.JPG",
        "heard_label": "gef.wav",
        "trained_label": "gef",
        "misp_label": "kef",
        "novel_label": 998,
        "corr_answer": "training_object",
        "condition": "corr",
        "exposure": 1,
        "novel": 1,
        "trial_type": 1,
        "heard_at_test": "gef.wav",
        "token_num": "",
        "token_label": "gef.wav",
        "heard_at_training": "gef.wav"
    },
    {
        "block_num": 1,
        "trial_num": 11,
        "training_object": "TROBJ11.JPG",
        "new_object": "NOVOBJ11.JPG",
        "heard_label": "gEl.wav",
        "trained_label": "kEl",
        "misp_label": "gEl",
        "novel_label": 998,
        "corr_answer": "new_object",
        "condition": "mis",
        "exposure": 1,
        "novel": 1,
        "trial_type": 2,
        "heard_at_test": "gEl.wav",
        "token_num": "",
        "token_label": "kEl.wav",
        "heard_at_training": "kEl.wav"
    },
    {
        "block_num": 1,
        "trial_num": 12,
        "training_object": "TROBJ12.JPG",
        "new_object": "NOVOBJ12.JPG",
        "heard_label": "THEk.wav",
        "trained_label": "THEk",
        "misp_label": "Zek",
        "novel_label": 998,
        "corr_answer": "training_object",
        "condition": "corr",
        "exposure": 5,
        "novel": 1,
        "trial_type": 3,
        "heard_at_test": "THEk.wav",
        "token_num": "",
        "token_label": "THEk.wav",
        "heard_at_training": "THEk.wav"
    },
    {
        "block_num": 1,
        "trial_num": 12,
        "training_object": "TROBJ12.JPG",
        "new_object": "NOVOBJ12.JPG",
        "heard_label": "THEk.wav",
        "trained_label": "THEk",
        "misp_label": "Zek",
        "novel_label": 998,
        "corr_answer": "training_object",
        "condition": "corr",
        "exposure": 5,
        "novel": 1,
        "trial_type": 3,
        "heard_at_test": "THEk.wav",
        "token_num": "_1",
        "token_label": "THEk_1.wav",
        "heard_at_training": "THEk_1.wav"
    },
    {
        "block_num": 1,
        "trial_num": 12,
        "training_object": "TROBJ12.JPG",
        "new_object": "NOVOBJ12.JPG",
        "heard_label": "THEk.wav",
        "trained_label": "THEk",
        "misp_label": "Zek",
        "novel_label": 998,
        "corr_answer": "training_object",
        "condition": "corr",
        "exposure": 5,
        "novel": 1,
        "trial_type": 3,
        "heard_at_test": "THEk.wav",
        "token_num": "_2",
        "token_label": "THEk_2.wav",
        "heard_at_training": "THEk_2.wav"
    },
    {
        "block_num": 1,
        "trial_num": 12,
        "training_object": "TROBJ12.JPG",
        "new_object": "NOVOBJ12.JPG",
        "heard_label": "THEk.wav",
        "trained_label": "THEk",
        "misp_label": "Zek",
        "novel_label": 998,
        "corr_answer": "training_object",
        "condition": "corr",
        "exposure": 5,
        "novel": 1,
        "trial_type": 3,
        "heard_at_test": "THEk.wav",
        "token_num": "_3",
        "token_label": "THEk_3.wav",
        "heard_at_training": "THEk_3.wav"
    },
    {
        "block_num": 1,
        "trial_num": 12,
        "training_object": "TROBJ12.JPG",
        "new_object": "NOVOBJ12.JPG",
        "heard_label": "THEk.wav",
        "trained_label": "THEk",
        "misp_label": "Zek",
        "novel_label": 998,
        "corr_answer": "training_object",
        "condition": "corr",
        "exposure": 5,
        "novel": 1,
        "trial_type": 3,
        "heard_at_test": "THEk.wav",
        "token_num": "_4",
        "token_label": "THEk_4.wav",
        "heard_at_training": "THEk_4.wav"
    },
    {
        "block_num": 1,
        "trial_num": 1,
        "training_object": "TROBJ1.JPG",
        "new_object": "NOVOBJ1.JPG",
        "heard_label": "goITH.wav",
        "trained_label": "boITH",
        "misp_label": "goITH",
        "novel_label": 998,
        "corr_answer": "new_object",
        "condition": "mis",
        "exposure": 5,
        "novel": 1,
        "trial_type": 4,
        "heard_at_test": "goITH.wav",
        "token_num": "",
        "token_label": "boITH.wav",
        "heard_at_training": "boITH.wav"
    },
    {
        "block_num": 1,
        "trial_num": 1,
        "training_object": "TROBJ1.JPG",
        "new_object": "NOVOBJ1.JPG",
        "heard_label": "goITH.wav",
        "trained_label": "boITH",
        "misp_label": "goITH",
        "novel_label": 998,
        "corr_answer": "new_object",
        "condition": "mis",
        "exposure": 5,
        "novel": 1,
        "trial_type": 4,
        "heard_at_test": "goITH.wav",
        "token_num": "_1",
        "token_label": "boITH_1.wav",
        "heard_at_training": "boITH_1.wav"
    },
    {
        "block_num": 1,
        "trial_num": 1,
        "training_object": "TROBJ1.JPG",
        "new_object": "NOVOBJ1.JPG",
        "heard_label": "goITH.wav",
        "trained_label": "boITH",
        "misp_label": "goITH",
        "novel_label": 998,
        "corr_answer": "new_object",
        "condition": "mis",
        "exposure": 5,
        "novel": 1,
        "trial_type": 4,
        "heard_at_test": "goITH.wav",
        "token_num": "_2",
        "token_label": "boITH_2.wav",
        "heard_at_training": "boITH_2.wav"
    },
    {
        "block_num": 1,
        "trial_num": 1,
        "training_object": "TROBJ1.JPG",
        "new_object": "NOVOBJ1.JPG",
        "heard_label": "goITH.wav",
        "trained_label": "boITH",
        "misp_label": "goITH",
        "novel_label": 998,
        "corr_answer": "new_object",
        "condition": "mis",
        "exposure": 5,
        "novel": 1,
        "trial_type": 4,
        "heard_at_test": "goITH.wav",
        "token_num": "_3",
        "token_label": "boITH_3.wav",
        "heard_at_training": "boITH_3.wav"
    },
    {
        "block_num": 1,
        "trial_num": 1,
        "training_object": "TROBJ1.JPG",
        "new_object": "NOVOBJ1.JPG",
        "heard_label": "goITH.wav",
        "trained_label": "boITH",
        "misp_label": "goITH",
        "novel_label": 998,
        "corr_answer": "new_object",
        "condition": "mis",
        "exposure": 5,
        "novel": 1,
        "trial_type": 4,
        "heard_at_test": "goITH.wav",
        "token_num": "_4",
        "token_label": "boITH_4.wav",
        "heard_at_training": "boITH_4.wav"
    },
    {
        "block_num": 1,
        "trial_num": 2,
        "training_object": "TROBJ2.JPG",
        "new_object": "NOVOBJ2.JPG",
        "heard_label": "pUth.wav",
        "trained_label": "pUth",
        "misp_label": "tUth",
        "novel_label": 998,
        "corr_answer": "training_object",
        "condition": "corr",
        "exposure": 8,
        "novel": 1,
        "trial_type": 5,
        "heard_at_test": "pUth.wav",
        "token_num": "",
        "token_label": "pUth.wav",
        "heard_at_training": "pUth.wav"
    },
    {
        "block_num": 1,
        "trial_num": 2,
        "training_object": "TROBJ2.JPG",
        "new_object": "NOVOBJ2.JPG",
        "heard_label": "pUth.wav",
        "trained_label": "pUth",
        "misp_label": "tUth",
        "novel_label": 998,
        "corr_answer": "training_object",
        "condition": "corr",
        "exposure": 8,
        "novel": 1,
        "trial_type": 5,
        "heard_at_test": "pUth.wav",
        "token_num": "_1",
        "token_label": "pUth_1.wav",
        "heard_at_training": "pUth_1.wav"
    },
    {
        "block_num": 1,
        "trial_num": 2,
        "training_object": "TROBJ2.JPG",
        "new_object": "NOVOBJ2.JPG",
        "heard_label": "pUth.wav",
        "trained_label": "pUth",
        "misp_label": "tUth",
        "novel_label": 998,
        "corr_answer": "training_object",
        "condition": "corr",
        "exposure": 8,
        "novel": 1,
        "trial_type": 5,
        "heard_at_test": "pUth.wav",
        "token_num": "_2",
        "token_label": "pUth_2.wav",
        "heard_at_training": "pUth_2.wav"
    },
    {
        "block_num": 1,
        "trial_num": 2,
        "training_object": "TROBJ2.JPG",
        "new_object": "NOVOBJ2.JPG",
        "heard_label": "pUth.wav",
        "trained_label": "pUth",
        "misp_label": "tUth",
        "novel_label": 998,
        "corr_answer": "training_object",
        "condition": "corr",
        "exposure": 8,
        "novel": 1,
        "trial_type": 5,
        "heard_at_test": "pUth.wav",
        "token_num": "_3",
        "token_label": "pUth_3.wav",
        "heard_at_training": "pUth_3.wav"
    },
    {
        "block_num": 1,
        "trial_num": 2,
        "training_object": "TROBJ2.JPG",
        "new_object": "NOVOBJ2.JPG",
        "heard_label": "pUth.wav",
        "trained_label": "pUth",
        "misp_label": "tUth",
        "novel_label": 998,
        "corr_answer": "training_object",
        "condition": "corr",
        "exposure": 8,
        "novel": 1,
        "trial_type": 5,
        "heard_at_test": "pUth.wav",
        "token_num": "_4",
        "token_label": "pUth_4.wav",
        "heard_at_training": "pUth_4.wav"
    },
    {
        "block_num": 1,
        "trial_num": 2,
        "training_object": "TROBJ2.JPG",
        "new_object": "NOVOBJ2.JPG",
        "heard_label": "pUth.wav",
        "trained_label": "pUth",
        "misp_label": "tUth",
        "novel_label": 998,
        "corr_answer": "training_object",
        "condition": "corr",
        "exposure": 8,
        "novel": 1,
        "trial_type": 5,
        "heard_at_test": "pUth.wav",
        "token_num": "_5",
        "token_label": "pUth_5.wav",
        "heard_at_training": "pUth_5.wav"
    },
    {
        "block_num": 1,
        "trial_num": 2,
        "training_object": "TROBJ2.JPG",
        "new_object": "NOVOBJ2.JPG",
        "heard_label": "pUth.wav",
        "trained_label": "pUth",
        "misp_label": "tUth",
        "novel_label": 998,
        "corr_answer": "training_object",
        "condition": "corr",
        "exposure": 8,
        "novel": 1,
        "trial_type": 5,
        "heard_at_test": "pUth.wav",
        "token_num": "_6",
        "token_label": "pUth_6.wav",
        "heard_at_training": "pUth_6.wav"
    },
    {
        "block_num": 1,
        "trial_num": 2,
        "training_object": "TROBJ2.JPG",
        "new_object": "NOVOBJ2.JPG",
        "heard_label": "pUth.wav",
        "trained_label": "pUth",
        "misp_label": "tUth",
        "novel_label": 998,
        "corr_answer": "training_object",
        "condition": "corr",
        "exposure": 8,
        "novel": 1,
        "trial_type": 5,
        "heard_at_test": "pUth.wav",
        "token_num": "_7",
        "token_label": "pUth_7.wav",
        "heard_at_training": "pUth_7.wav"
    },
    {
        "block_num": 1,
        "trial_num": 3,
        "training_object": "TROBJ3.JPG",
        "new_object": "NOVOBJ3.JPG",
        "heard_label": "peg.wav",
        "trained_label": "teg",
        "misp_label": "peg",
        "novel_label": 998,
        "corr_answer": "new_object",
        "condition": "mis",
        "exposure": 8,
        "novel": 1,
        "trial_type": 6,
        "heard_at_test": "peg.wav",
        "token_num": "",
        "token_label": "teg.wav",
        "heard_at_training": "teg.wav"
    },
    {
        "block_num": 1,
        "trial_num": 3,
        "training_object": "TROBJ3.JPG",
        "new_object": "NOVOBJ3.JPG",
        "heard_label": "peg.wav",
        "trained_label": "teg",
        "misp_label": "peg",
        "novel_label": 998,
        "corr_answer": "new_object",
        "condition": "mis",
        "exposure": 8,
        "novel": 1,
        "trial_type": 6,
        "heard_at_test": "peg.wav",
        "token_num": "_1",
        "token_label": "teg_1.wav",
        "heard_at_training": "teg_1.wav"
    },
    {
        "block_num": 1,
        "trial_num": 3,
        "training_object": "TROBJ3.JPG",
        "new_object": "NOVOBJ3.JPG",
        "heard_label": "peg.wav",
        "trained_label": "teg",
        "misp_label": "peg",
        "novel_label": 998,
        "corr_answer": "new_object",
        "condition": "mis",
        "exposure": 8,
        "novel": 1,
        "trial_type": 6,
        "heard_at_test": "peg.wav",
        "token_num": "_2",
        "token_label": "teg_2.wav",
        "heard_at_training": "teg_2.wav"
    },
    {
        "block_num": 1,
        "trial_num": 3,
        "training_object": "TROBJ3.JPG",
        "new_object": "NOVOBJ3.JPG",
        "heard_label": "peg.wav",
        "trained_label": "teg",
        "misp_label": "peg",
        "novel_label": 998,
        "corr_answer": "new_object",
        "condition": "mis",
        "exposure": 8,
        "novel": 1,
        "trial_type": 6,
        "heard_at_test": "peg.wav",
        "token_num": "_3",
        "token_label": "teg_3.wav",
        "heard_at_training": "teg_3.wav"
    },
    {
        "block_num": 1,
        "trial_num": 3,
        "training_object": "TROBJ3.JPG",
        "new_object": "NOVOBJ3.JPG",
        "heard_label": "peg.wav",
        "trained_label": "teg",
        "misp_label": "peg",
        "novel_label": 998,
        "corr_answer": "new_object",
        "condition": "mis",
        "exposure": 8,
        "novel": 1,
        "trial_type": 6,
        "heard_at_test": "peg.wav",
        "token_num": "_4",
        "token_label": "teg_4.wav",
        "heard_at_training": "teg_4.wav"
    },
    {
        "block_num": 1,
        "trial_num": 3,
        "training_object": "TROBJ3.JPG",
        "new_object": "NOVOBJ3.JPG",
        "heard_label": "peg.wav",
        "trained_label": "teg",
        "misp_label": "peg",
        "novel_label": 998,
        "corr_answer": "new_object",
        "condition": "mis",
        "exposure": 8,
        "novel": 1,
        "trial_type": 6,
        "heard_at_test": "peg.wav",
        "token_num": "_5",
        "token_label": "teg_5.wav",
        "heard_at_training": "teg_5.wav"
    },
    {
        "block_num": 1,
        "trial_num": 3,
        "training_object": "TROBJ3.JPG",
        "new_object": "NOVOBJ3.JPG",
        "heard_label": "peg.wav",
        "trained_label": "teg",
        "misp_label": "peg",
        "novel_label": 998,
        "corr_answer": "new_object",
        "condition": "mis",
        "exposure": 8,
        "novel": 1,
        "trial_type": 6,
        "heard_at_test": "peg.wav",
        "token_num": "_6",
        "token_label": "teg_6.wav",
        "heard_at_training": "teg_6.wav"
    },
    {
        "block_num": 1,
        "trial_num": 3,
        "training_object": "TROBJ3.JPG",
        "new_object": "NOVOBJ3.JPG",
        "heard_label": "peg.wav",
        "trained_label": "teg",
        "misp_label": "peg",
        "novel_label": 998,
        "corr_answer": "new_object",
        "condition": "mis",
        "exposure": 8,
        "novel": 1,
        "trial_type": 6,
        "heard_at_test": "peg.wav",
        "token_num": "_7",
        "token_label": "teg_7.wav",
        "heard_at_training": "teg_7.wav"
    }
]