[
    {
        "block_num": 2,
        "trial_num": 24,
        "training_object": "TROBJ18.JPG",
        "new_object": "NOVOBJ24.JPG",
        "heard_label": "gVdZ.wav",
        "trained_label": "gVdZ",
        "misp_label": "kVdZ",
        "novel_label": 998,
        "corr_answer": "training_object",
        "condition": "corr",
        "exposure": 1,
        "novel": 0,
        "trial_type": 1,
        "heard_at_test": "gVdZ.wav",
        "token_num": "",
        "token_label": "gVdZ.wav",
        "heard_at_training": "gVdZ.wav"
    },
    {
        "block_num": 2,
        "trial_num": 25,
        "training_object": "TROBJ19.JPG",
        "new_object": "NOVOBJ25.JPG",
        "heard_label": "pos.wav",
        "trained_label": "bos",
        "misp_label": "pos",
        "novel_label": 998,
        "corr_answer": "new_object",
        "condition": "mis",
        "exposure": 1,
        "novel": 0,
        "trial_type": 2,
        "heard_at_test": "pos.wav",
        "token_num": "",
        "token_label": "bos.wav",
        "heard_at_training": "bos.wav"
    },
    {
        "block_num": 2,
        "trial_num": 26,
        "training_object": "TROBJ20.JPG",
        "new_object": "NOVOBJ26.JPG",
        "heard_label": "bith.wav",
        "trained_label": "bith",
        "misp_label": "gith",
        "novel_label": 998,
        "corr_answer": "training_object",
        "condition": "corr",
        "exposure": 5,
        "novel": 0,
        "trial_type": 3,
        "heard_at_test": "bith.wav",
        "token_num": "",
        "token_label": "bith.wav",
        "heard_at_training": "bith.wav"
    },
    {
        "block_num": 2,
        "trial_num": 26,
        "training_object": "TROBJ20.JPG",
        "new_object": "NOVOBJ26.JPG",
        "heard_label": "bith.wav",
        "trained_label": "bith",
        "misp_label": "gith",
        "novel_label": 998,
        "corr_answer": "training_object",
        "condition": "corr",
        "exposure": 5,
        "novel": 0,
        "trial_type": 3,
        "heard_at_test": "bith.wav",
        "token_num": "_1",
        "token_label": "bith_1.wav",
        "heard_at_training": "bith_1.wav"
    },
    {
        "block_num": 2,
        "trial_num": 26,
        "training_object": "TROBJ20.JPG",
        "new_object": "NOVOBJ26.JPG",
        "heard_label": "bith.wav",
        "trained_label": "bith",
        "misp_label": "gith",
        "novel_label": 998,
        "corr_answer": "training_object",
        "condition": "corr",
        "exposure": 5,
        "novel": 0,
        "trial_type": 3,
        "heard_at_test": "bith.wav",
        "token_num": "_2",
        "token_label": "bith_2.wav",
        "heard_at_training": "bith_2.wav"
    },
    {
        "block_num": 2,
        "trial_num": 26,
        "training_object": "TROBJ20.JPG",
        "new_object": "NOVOBJ26.JPG",
        "heard_label": "bith.wav",
        "trained_label": "bith",
        "misp_label": "gith",
        "novel_label": 998,
        "corr_answer": "training_object",
        "condition": "corr",
        "exposure": 5,
        "novel": 0,
        "trial_type": 3,
        "heard_at_test": "bith.wav",
        "token_num": "_3",
        "token_label": "bith_3.wav",
        "heard_at_training": "bith_3.wav"
    },
    {
        "block_num": 2,
        "trial_num": 26,
        "training_object": "TROBJ20.JPG",
        "new_object": "NOVOBJ26.JPG",
        "heard_label": "bith.wav",
        "trained_label": "bith",
        "misp_label": "gith",
        "novel_label": 998,
        "corr_answer": "training_object",
        "condition": "corr",
        "exposure": 5,
        "novel": 0,
        "trial_type": 3,
        "heard_at_test": "bith.wav",
        "token_num": "_4",
        "token_label": "bith_4.wav",
        "heard_at_training": "bith_4.wav"
    },
    {
        "block_num": 2,
        "trial_num": 27,
        "training_object": "TROBJ21.JPG",
        "new_object": "NOVOBJ27.JPG",
        "heard_label": "bVv.wav",
        "trained_label": "pVv",
        "misp_label": "bVv",
        "novel_label": 998,
        "corr_answer": "new_object",
        "condition": "mis",
        "exposure": 5,
        "novel": 0,
        "trial_type": 4,
        "heard_at_test": "bVv.wav",
        "token_num": "",
        "token_label": "pVv.wav",
        "heard_at_training": "pVv.wav"
    },
    {
        "block_num": 2,
        "trial_num": 27,
        "training_object": "TROBJ21.JPG",
        "new_object": "NOVOBJ27.JPG",
        "heard_label": "bVv.wav",
        "trained_label": "pVv",
        "misp_label": "bVv",
        "novel_label": 998,
        "corr_answer": "new_object",
        "condition": "mis",
        "exposure": 5,
        "novel": 0,
        "trial_type": 4,
        "heard_at_test": "bVv.wav",
        "token_num": "_1",
        "token_label": "pVv_1.wav",
        "heard_at_training": "pVv_1.wav"
    },
    {
        "block_num": 2,
        "trial_num": 27,
        "training_object": "TROBJ21.JPG",
        "new_object": "NOVOBJ27.JPG",
        "heard_label": "bVv.wav",
        "trained_label": "pVv",
        "misp_label": "bVv",
        "novel_label": 998,
        "corr_answer": "new_object",
        "condition": "mis",
        "exposure": 5,
        "novel": 0,
        "trial_type": 4,
        "heard_at_test": "bVv.wav",
        "token_num": "_2",
        "token_label": "pVv_2.wav",
        "heard_at_training": "pVv_2.wav"
    },
    {
        "block_num": 2,
        "trial_num": 27,
        "training_object": "TROBJ21.JPG",
        "new_object": "NOVOBJ27.JPG",
        "heard_label": "bVv.wav",
        "trained_label": "pVv",
        "misp_label": "bVv",
        "novel_label": 998,
        "corr_answer": "new_object",
        "condition": "mis",
        "exposure": 5,
        "novel": 0,
        "trial_type": 4,
        "heard_at_test": "bVv.wav",
        "token_num": "_3",
        "token_label": "pVv_3.wav",
        "heard_at_training": "pVv_3.wav"
    },
    {
        "block_num": 2,
        "trial_num": 27,
        "training_object": "TROBJ21.JPG",
        "new_object": "NOVOBJ27.JPG",
        "heard_label": "bVv.wav",
        "trained_label": "pVv",
        "misp_label": "bVv",
        "novel_label": 998,
        "corr_answer": "new_object",
        "condition": "mis",
        "exposure": 5,
        "novel": 0,
        "trial_type": 4,
        "heard_at_test": "bVv.wav",
        "token_num": "_4",
        "token_label": "pVv_4.wav",
        "heard_at_training": "pVv_4.wav"
    },
    {
        "block_num": 2,
        "trial_num": 28,
        "training_object": "TROBJ22.JPG",
        "new_object": "NOVOBJ28.JPG",
        "heard_label": "baUdZ.wav",
        "trained_label": "baUdZ",
        "misp_label": "paUdZ",
        "novel_label": 998,
        "corr_answer": "training_object",
        "condition": "corr",
        "exposure": 8,
        "novel": 0,
        "trial_type": 5,
        "heard_at_test": "baUdZ.wav",
        "token_num": "",
        "token_label": "baUdZ.wav",
        "heard_at_training": "baUdZ.wav"
    },
    {
        "block_num": 2,
        "trial_num": 28,
        "training_object": "TROBJ22.JPG",
        "new_object": "NOVOBJ28.JPG",
        "heard_label": "baUdZ.wav",
        "trained_label": "baUdZ",
        "misp_label": "paUdZ",
        "novel_label": 998,
        "corr_answer": "training_object",
        "condition": "corr",
        "exposure": 8,
        "novel": 0,
        "trial_type": 5,
        "heard_at_test": "baUdZ.wav",
        "token_num": "_1",
        "token_label": "baUdZ_1.wav",
        "heard_at_training": "baUdZ_1.wav"
    },
    {
        "block_num": 2,
        "trial_num": 28,
        "training_object": "TROBJ22.JPG",
        "new_object": "NOVOBJ28.JPG",
        "heard_label": "baUdZ.wav",
        "trained_label": "baUdZ",
        "misp_label": "paUdZ",
        "novel_label": 998,
        "corr_answer": "training_object",
        "condition": "corr",
        "exposure": 8,
        "novel": 0,
        "trial_type": 5,
        "heard_at_test": "baUdZ.wav",
        "token_num": "_2",
        "token_label": "baUdZ_2.wav",
        "heard_at_training": "baUdZ_2.wav"
    },
    {
        "block_num": 2,
        "trial_num": 28,
        "training_object": "TROBJ22.JPG",
        "new_object": "NOVOBJ28.JPG",
        "heard_label": "baUdZ.wav",
        "trained_label": "baUdZ",
        "misp_label": "paUdZ",
        "novel_label": 998,
        "corr_answer": "training_object",
        "condition": "corr",
        "exposure": 8,
        "novel": 0,
        "trial_type": 5,
        "heard_at_test": "baUdZ.wav",
        "token_num": "_3",
        "token_label": "baUdZ_3.wav",
        "heard_at_training": "baUdZ_3.wav"
    },
    {
        "block_num": 2,
        "trial_num": 28,
        "training_object": "TROBJ22.JPG",
        "new_object": "NOVOBJ28.JPG",
        "heard_label": "baUdZ.wav",
        "trained_label": "baUdZ",
        "misp_label": "paUdZ",
        "novel_label": 998,
        "corr_answer": "training_object",
        "condition": "corr",
        "exposure": 8,
        "novel": 0,
        "trial_type": 5,
        "heard_at_test": "baUdZ.wav",
        "token_num": "_4",
        "token_label": "baUdZ_4.wav",
        "heard_at_training": "baUdZ_4.wav"
    },
    {
        "block_num": 2,
        "trial_num": 28,
        "training_object": "TROBJ22.JPG",
        "new_object": "NOVOBJ28.JPG",
        "heard_label": "baUdZ.wav",
        "trained_label": "baUdZ",
        "misp_label": "paUdZ",
        "novel_label": 998,
        "corr_answer": "training_object",
        "condition": "corr",
        "exposure": 8,
        "novel": 0,
        "trial_type": 5,
        "heard_at_test": "baUdZ.wav",
        "token_num": "_5",
        "token_label": "baUdZ_5.wav",
        "heard_at_training": "baUdZ_5.wav"
    },
    {
        "block_num": 2,
        "trial_num": 28,
        "training_object": "TROBJ22.JPG",
        "new_object": "NOVOBJ28.JPG",
        "heard_label": "baUdZ.wav",
        "trained_label": "baUdZ",
        "misp_label": "paUdZ",
        "novel_label": 998,
        "corr_answer": "training_object",
        "condition": "corr",
        "exposure": 8,
        "novel": 0,
        "trial_type": 5,
        "heard_at_test": "baUdZ.wav",
        "token_num": "_6",
        "token_label": "baUdZ_6.wav",
        "heard_at_training": "baUdZ_6.wav"
    },
    {
        "block_num": 2,
        "trial_num": 28,
        "training_object": "TROBJ22.JPG",
        "new_object": "NOVOBJ28.JPG",
        "heard_label": "baUdZ.wav",
        "trained_label": "baUdZ",
        "misp_label": "paUdZ",
        "novel_label": 998,
        "corr_answer": "training_object",
        "condition": "corr",
        "exposure": 8,
        "novel": 0,
        "trial_type": 5,
        "heard_at_test": "baUdZ.wav",
        "token_num": "_7",
        "token_label": "baUdZ_7.wav",
        "heard_at_training": "baUdZ_7.wav"
    },
    {
        "block_num": 2,
        "trial_num": 29,
        "training_object": "TROBJ23.JPG",
        "new_object": "NOVOBJ29.JPG",
        "heard_label": "fEp.wav",
        "trained_label": "sEp",
        "misp_label": "fEp",
        "novel_label": 998,
        "corr_answer": "new_object",
        "condition": "mis",
        "exposure": 8,
        "novel": 0,
        "trial_type": 6,
        "heard_at_test": "fEp.wav",
        "token_num": "",
        "token_label": "sEp.wav",
        "heard_at_training": "sEp.wav"
    },
    {
        "block_num": 2,
        "trial_num": 29,
        "training_object": "TROBJ23.JPG",
        "new_object": "NOVOBJ29.JPG",
        "heard_label": "fEp.wav",
        "trained_label": "sEp",
        "misp_label": "fEp",
        "novel_label": 998,
        "corr_answer": "new_object",
        "condition": "mis",
        "exposure": 8,
        "novel": 0,
        "trial_type": 6,
        "heard_at_test": "fEp.wav",
        "token_num": "_1",
        "token_label": "sEp_1.wav",
        "heard_at_training": "sEp_1.wav"
    },
    {
        "block_num": 2,
        "trial_num": 29,
        "training_object": "TROBJ23.JPG",
        "new_object": "NOVOBJ29.JPG",
        "heard_label": "fEp.wav",
        "trained_label": "sEp",
        "misp_label": "fEp",
        "novel_label": 998,
        "corr_answer": "new_object",
        "condition": "mis",
        "exposure": 8,
        "novel": 0,
        "trial_type": 6,
        "heard_at_test": "fEp.wav",
        "token_num": "_2",
        "token_label": "sEp_2.wav",
        "heard_at_training": "sEp_2.wav"
    },
    {
        "block_num": 2,
        "trial_num": 29,
        "training_object": "TROBJ23.JPG",
        "new_object": "NOVOBJ29.JPG",
        "heard_label": "fEp.wav",
        "trained_label": "sEp",
        "misp_label": "fEp",
        "novel_label": 998,
        "corr_answer": "new_object",
        "condition": "mis",
        "exposure": 8,
        "novel": 0,
        "trial_type": 6,
        "heard_at_test": "fEp.wav",
        "token_num": "_3",
        "token_label": "sEp_3.wav",
        "heard_at_training": "sEp_3.wav"
    },
    {
        "block_num": 2,
        "trial_num": 29,
        "training_object": "TROBJ23.JPG",
        "new_object": "NOVOBJ29.JPG",
        "heard_label": "fEp.wav",
        "trained_label": "sEp",
        "misp_label": "fEp",
        "novel_label": 998,
        "corr_answer": "new_object",
        "condition": "mis",
        "exposure": 8,
        "novel": 0,
        "trial_type": 6,
        "heard_at_test": "fEp.wav",
        "token_num": "_4",
        "token_label": "sEp_4.wav",
        "heard_at_training": "sEp_4.wav"
    },
    {
        "block_num": 2,
        "trial_num": 29,
        "training_object": "TROBJ23.JPG",
        "new_object": "NOVOBJ29.JPG",
        "heard_label": "fEp.wav",
        "trained_label": "sEp",
        "misp_label": "fEp",
        "novel_label": 998,
        "corr_answer": "new_object",
        "condition": "mis",
        "exposure": 8,
        "novel": 0,
        "trial_type": 6,
        "heard_at_test": "fEp.wav",
        "token_num": "_5",
        "token_label": "sEp_5.wav",
        "heard_at_training": "sEp_5.wav"
    },
    {
        "block_num": 2,
        "trial_num": 29,
        "training_object": "TROBJ23.JPG",
        "new_object": "NOVOBJ29.JPG",
        "heard_label": "fEp.wav",
        "trained_label": "sEp",
        "misp_label": "fEp",
        "novel_label": 998,
        "corr_answer": "new_object",
        "condition": "mis",
        "exposure": 8,
        "novel": 0,
        "trial_type": 6,
        "heard_at_test": "fEp.wav",
        "token_num": "_6",
        "token_label": "sEp_6.wav",
        "heard_at_training": "sEp_6.wav"
    },
    {
        "block_num": 2,
        "trial_num": 29,
        "training_object": "TROBJ23.JPG",
        "new_object": "NOVOBJ29.JPG",
        "heard_label": "fEp.wav",
        "trained_label": "sEp",
        "misp_label": "fEp",
        "novel_label": 998,
        "corr_answer": "new_object",
        "condition": "mis",
        "exposure": 8,
        "novel": 0,
        "trial_type": 6,
        "heard_at_test": "fEp.wav",
        "token_num": "_7",
        "token_label": "sEp_7.wav",
        "heard_at_training": "sEp_7.wav"
    },
    {
        "block_num": 2,
        "trial_num": 30,
        "training_object": "TROBJ24.JPG",
        "new_object": "NOVOBJ30.JPG",
        "heard_label": "gUz.wav",
        "trained_label": "gUz",
        "misp_label": "dUz",
        "novel_label": 998,
        "corr_answer": "training_object",
        "condition": "corr",
        "exposure": 1,
        "novel": 1,
        "trial_type": 1,
        "heard_at_test": "gUz.wav",
        "token_num": "",
        "token_label": "gUz.wav",
        "heard_at_training": "gUz.wav"
    },
    {
        "block_num": 2,
        "trial_num": 19,
        "training_object": "TROBJ13.JPG",
        "new_object": "NOVOBJ13.JPG",
        "heard_label": "dram.wav",
        "trained_label": "tram",
        "misp_label": "dram",
        "novel_label": 998,
        "corr_answer": "new_object",
        "condition": "mis",
        "exposure": 1,
        "novel": 1,
        "trial_type": 2,
        "heard_at_test": "dram.wav",
        "token_num": "",
        "token_label": "tram.wav",
        "heard_at_training": "tram.wav"
    },
    {
        "block_num": 2,
        "trial_num": 20,
        "training_object": "TROBJ14.JPG",
        "new_object": "NOVOBJ20.JPG",
        "heard_label": "toIp.wav",
        "trained_label": "toIp",
        "misp_label": "doIp",
        "novel_label": 998,
        "corr_answer": "training_object",
        "condition": "corr",
        "exposure": 5,
        "novel": 1,
        "trial_type": 3,
        "heard_at_test": "toIp.wav",
        "token_num": "",
        "token_label": "toIp.wav",
        "heard_at_training": "toIp.wav"
    },
    {
        "block_num": 2,
        "trial_num": 20,
        "training_object": "TROBJ14.JPG",
        "new_object": "NOVOBJ20.JPG",
        "heard_label": "toIp.wav",
        "trained_label": "toIp",
        "misp_label": "doIp",
        "novel_label": 998,
        "corr_answer": "training_object",
        "condition": "corr",
        "exposure": 5,
        "novel": 1,
        "trial_type": 3,
        "heard_at_test": "toIp.wav",
        "token_num": "_1",
        "token_label": "toIp_1.wav",
        "heard_at_training": "toIp_1.wav"
    },
    {
        "block_num": 2,
        "trial_num": 20,
        "training_object": "TROBJ14.JPG",
        "new_object": "NOVOBJ20.JPG",
        "heard_label": "toIp.wav",
        "trained_label": "toIp",
        "misp_label": "doIp",
        "novel_label": 998,
        "corr_answer": "training_object",
        "condition": "corr",
        "exposure": 5,
        "novel": 1,
        "trial_type": 3,
        "heard_at_test": "toIp.wav",
        "token_num": "_2",
        "token_label": "toIp_2.wav",
        "heard_at_training": "toIp_2.wav"
    },
    {
        "block_num": 2,
        "trial_num": 20,
        "training_object": "TROBJ14.JPG",
        "new_object": "NOVOBJ20.JPG",
        "heard_label": "toIp.wav",
        "trained_label": "toIp",
        "misp_label": "doIp",
        "novel_label": 998,
        "corr_answer": "training_object",
        "condition": "corr",
        "exposure": 5,
        "novel": 1,
        "trial_type": 3,
        "heard_at_test": "toIp.wav",
        "token_num": "_3",
        "token_label": "toIp_3.wav",
        "heard_at_training": "toIp_3.wav"
    },
    {
        "block_num": 2,
        "trial_num": 20,
        "training_object": "TROBJ14.JPG",
        "new_object": "NOVOBJ20.JPG",
        "heard_label": "toIp.wav",
        "trained_label": "toIp",
        "misp_label": "doIp",
        "novel_label": 998,
        "corr_answer": "training_object",
        "condition": "corr",
        "exposure": 5,
        "novel": 1,
        "trial_type": 3,
        "heard_at_test": "toIp.wav",
        "token_num": "_4",
        "token_label": "toIp_4.wav",
        "heard_at_training": "toIp_4.wav"
    },
    {
        "block_num": 2,
        "trial_num": 21,
        "training_object": "TROBJ15.JPG",
        "new_object": "NOVOBJ21.JPG",
        "heard_label": "dof.wav",
        "trained_label": "tof",
        "misp_label": "dof",
        "novel_label": 998,
        "corr_answer": "new_object",
        "condition": "mis",
        "exposure": 5,
        "novel": 1,
        "trial_type": 4,
        "heard_at_test": "dof.wav",
        "token_num": "",
        "token_label": "tof.wav",
        "heard_at_training": "tof.wav"
    },
    {
        "block_num": 2,
        "trial_num": 21,
        "training_object": "TROBJ15.JPG",
        "new_object": "NOVOBJ21.JPG",
        "heard_label": "dof.wav",
        "trained_label": "tof",
        "misp_label": "dof",
        "novel_label": 998,
        "corr_answer": "new_object",
        "condition": "mis",
        "exposure": 5,
        "novel": 1,
        "trial_type": 4,
        "heard_at_test": "dof.wav",
        "token_num": "_1",
        "token_label": "tof_1.wav",
        "heard_at_training": "tof_1.wav"
    },
    {
        "block_num": 2,
        "trial_num": 21,
        "training_object": "TROBJ15.JPG",
        "new_object": "NOVOBJ21.JPG",
        "heard_label": "dof.wav",
        "trained_label": "tof",
        "misp_label": "dof",
        "novel_label": 998,
        "corr_answer": "new_object",
        "condition": "mis",
        "exposure": 5,
        "novel": 1,
        "trial_type": 4,
        "heard_at_test": "dof.wav",
        "token_num": "_2",
        "token_label": "tof_2.wav",
        "heard_at_training": "tof_2.wav"
    },
    {
        "block_num": 2,
        "trial_num": 21,
        "training_object": "TROBJ15.JPG",
        "new_object": "NOVOBJ21.JPG",
        "heard_label": "dof.wav",
        "trained_label": "tof",
        "misp_label": "dof",
        "novel_label": 998,
        "corr_answer": "new_object",
        "condition": "mis",
        "exposure": 5,
        "novel": 1,
        "trial_type": 4,
        "heard_at_test": "dof.wav",
        "token_num": "_3",
        "token_label": "tof_3.wav",
        "heard_at_training": "tof_3.wav"
    },
    {
        "block_num": 2,
        "trial_num": 21,
        "training_object": "TROBJ15.JPG",
        "new_object": "NOVOBJ21.JPG",
        "heard_label": "dof.wav",
        "trained_label": "tof",
        "misp_label": "dof",
        "novel_label": 998,
        "corr_answer": "new_object",
        "condition": "mis",
        "exposure": 5,
        "novel": 1,
        "trial_type": 4,
        "heard_at_test": "dof.wav",
        "token_num": "_4",
        "token_label": "tof_4.wav",
        "heard_at_training": "tof_4.wav"
    },
    {
        "block_num": 2,
        "trial_num": 22,
        "training_object": "TROBJ16.JPG",
        "new_object": "NOVOBJ22.JPG",
        "heard_label": "vad.wav",
        "trained_label": "vad",
        "misp_label": "zad",
        "novel_label": 998,
        "corr_answer": "training_object",
        "condition": "corr",
        "exposure": 8,
        "novel": 1,
        "trial_type": 5,
        "heard_at_test": "vad.wav",
        "token_num": "",
        "token_label": "vad.wav",
        "heard_at_training": "vad.wav"
    },
    {
        "block_num": 2,
        "trial_num": 22,
        "training_object": "TROBJ16.JPG",
        "new_object": "NOVOBJ22.JPG",
        "heard_label": "vad.wav",
        "trained_label": "vad",
        "misp_label": "zad",
        "novel_label": 998,
        "corr_answer": "training_object",
        "condition": "corr",
        "exposure": 8,
        "novel": 1,
        "trial_type": 5,
        "heard_at_test": "vad.wav",
        "token_num": "_1",
        "token_label": "vad_1.wav",
        "heard_at_training": "vad_1.wav"
    },
    {
        "block_num": 2,
        "trial_num": 22,
        "training_object": "TROBJ16.JPG",
        "new_object": "NOVOBJ22.JPG",
        "heard_label": "vad.wav",
        "trained_label": "vad",
        "misp_label": "zad",
        "novel_label": 998,
        "corr_answer": "training_object",
        "condition": "corr",
        "exposure": 8,
        "novel": 1,
        "trial_type": 5,
        "heard_at_test": "vad.wav",
        "token_num": "_2",
        "token_label": "vad_2.wav",
        "heard_at_training": "vad_2.wav"
    },
    {
        "block_num": 2,
        "trial_num": 22,
        "training_object": "TROBJ16.JPG",
        "new_object": "NOVOBJ22.JPG",
        "heard_label": "vad.wav",
        "trained_label": "vad",
        "misp_label": "zad",
        "novel_label": 998,
        "corr_answer": "training_object",
        "condition": "corr",
        "exposure": 8,
        "novel": 1,
        "trial_type": 5,
        "heard_at_test": "vad.wav",
        "token_num": "_3",
        "token_label": "vad_3.wav",
        "heard_at_training": "vad_3.wav"
    },
    {
        "block_num": 2,
        "trial_num": 22,
        "training_object": "TROBJ16.JPG",
        "new_object": "NOVOBJ22.JPG",
        "heard_label": "vad.wav",
        "trained_label": "vad",
        "misp_label": "zad",
        "novel_label": 998,
        "corr_answer": "training_object",
        "condition": "corr",
        "exposure": 8,
        "novel": 1,
        "trial_type": 5,
        "heard_at_test": "vad.wav",
        "token_num": "_4",
        "token_label": "vad_4.wav",
        "heard_at_training": "vad_4.wav"
    },
    {
        "block_num": 2,
        "trial_num": 22,
        "training_object": "TROBJ16.JPG",
        "new_object": "NOVOBJ22.JPG",
        "heard_label": "vad.wav",
        "trained_label": "vad",
        "misp_label": "zad",
        "novel_label": 998,
        "corr_answer": "training_object",
        "condition": "corr",
        "exposure": 8,
        "novel": 1,
        "trial_type": 5,
        "heard_at_test": "vad.wav",
        "token_num": "_5",
        "token_label": "vad_5.wav",
        "heard_at_training": "vad_5.wav"
    },
    {
        "block_num": 2,
        "trial_num": 22,
        "training_object": "TROBJ16.JPG",
        "new_object": "NOVOBJ22.JPG",
        "heard_label": "vad.wav",
        "trained_label": "vad",
        "misp_label": "zad",
        "novel_label": 998,
        "corr_answer": "training_object",
        "condition": "corr",
        "exposure": 8,
        "novel": 1,
        "trial_type": 5,
        "heard_at_test": "vad.wav",
        "token_num": "_6",
        "token_label": "vad_6.wav",
        "heard_at_training": "vad_6.wav"
    },
    {
        "block_num": 2,
        "trial_num": 22,
        "training_object": "TROBJ16.JPG",
        "new_object": "NOVOBJ22.JPG",
        "heard_label": "vad.wav",
        "trained_label": "vad",
        "misp_label": "zad",
        "novel_label": 998,
        "corr_answer": "training_object",
        "condition": "corr",
        "exposure": 8,
        "novel": 1,
        "trial_type": 5,
        "heard_at_test": "vad.wav",
        "token_num": "_7",
        "token_label": "vad_7.wav",
        "heard_at_training": "vad_7.wav"
    },
    {
        "block_num": 2,
        "trial_num": 23,
        "training_object": "TROBJ17.JPG",
        "new_object": "NOVOBJ23.JPG",
        "heard_label": "bIv.wav",
        "trained_label": "dIv",
        "misp_label": "bIv",
        "novel_label": 998,
        "corr_answer": "new_object",
        "condition": "mis",
        "exposure": 8,
        "novel": 1,
        "trial_type": 6,
        "heard_at_test": "bIv.wav",
        "token_num": "",
        "token_label": "dIv.wav",
        "heard_at_training": "dIv.wav"
    },
    {
        "block_num": 2,
        "trial_num": 23,
        "training_object": "TROBJ17.JPG",
        "new_object": "NOVOBJ23.JPG",
        "heard_label": "bIv.wav",
        "trained_label": "dIv",
        "misp_label": "bIv",
        "novel_label": 998,
        "corr_answer": "new_object",
        "condition": "mis",
        "exposure": 8,
        "novel": 1,
        "trial_type": 6,
        "heard_at_test": "bIv.wav",
        "token_num": "_1",
        "token_label": "dIv_1.wav",
        "heard_at_training": "dIv_1.wav"
    },
    {
        "block_num": 2,
        "trial_num": 23,
        "training_object": "TROBJ17.JPG",
        "new_object": "NOVOBJ23.JPG",
        "heard_label": "bIv.wav",
        "trained_label": "dIv",
        "misp_label": "bIv",
        "novel_label": 998,
        "corr_answer": "new_object",
        "condition": "mis",
        "exposure": 8,
        "novel": 1,
        "trial_type": 6,
        "heard_at_test": "bIv.wav",
        "token_num": "_2",
        "token_label": "dIv_2.wav",
        "heard_at_training": "dIv_2.wav"
    },
    {
        "block_num": 2,
        "trial_num": 23,
        "training_object": "TROBJ17.JPG",
        "new_object": "NOVOBJ23.JPG",
        "heard_label": "bIv.wav",
        "trained_label": "dIv",
        "misp_label": "bIv",
        "novel_label": 998,
        "corr_answer": "new_object",
        "condition": "mis",
        "exposure": 8,
        "novel": 1,
        "trial_type": 6,
        "heard_at_test": "bIv.wav",
        "token_num": "_3",
        "token_label": "dIv_3.wav",
        "heard_at_training": "dIv_3.wav"
    },
    {
        "block_num": 2,
        "trial_num": 23,
        "training_object": "TROBJ17.JPG",
        "new_object": "NOVOBJ23.JPG",
        "heard_label": "bIv.wav",
        "trained_label": "dIv",
        "misp_label": "bIv",
        "novel_label": 998,
        "corr_answer": "new_object",
        "condition": "mis",
        "exposure": 8,
        "novel": 1,
        "trial_type": 6,
        "heard_at_test": "bIv.wav",
        "token_num": "_4",
        "token_label": "dIv_4.wav",
        "heard_at_training": "dIv_4.wav"
    },
    {
        "block_num": 2,
        "trial_num": 23,
        "training_object": "TROBJ17.JPG",
        "new_object": "NOVOBJ23.JPG",
        "heard_label": "bIv.wav",
        "trained_label": "dIv",
        "misp_label": "bIv",
        "novel_label": 998,
        "corr_answer": "new_object",
        "condition": "mis",
        "exposure": 8,
        "novel": 1,
        "trial_type": 6,
        "heard_at_test": "bIv.wav",
        "token_num": "_5",
        "token_label": "dIv_5.wav",
        "heard_at_training": "dIv_5.wav"
    },
    {
        "block_num": 2,
        "trial_num": 23,
        "training_object": "TROBJ17.JPG",
        "new_object": "NOVOBJ23.JPG",
        "heard_label": "bIv.wav",
        "trained_label": "dIv",
        "misp_label": "bIv",
        "novel_label": 998,
        "corr_answer": "new_object",
        "condition": "mis",
        "exposure": 8,
        "novel": 1,
        "trial_type": 6,
        "heard_at_test": "bIv.wav",
        "token_num": "_6",
        "token_label": "dIv_6.wav",
        "heard_at_training": "dIv_6.wav"
    },
    {
        "block_num": 2,
        "trial_num": 23,
        "training_object": "TROBJ17.JPG",
        "new_object": "NOVOBJ23.JPG",
        "heard_label": "bIv.wav",
        "trained_label": "dIv",
        "misp_label": "bIv",
        "novel_label": 998,
        "corr_answer": "new_object",
        "condition": "mis",
        "exposure": 8,
        "novel": 1,
        "trial_type": 6,
        "heard_at_test": "bIv.wav",
        "token_num": "_7",
        "token_label": "dIv_7.wav",
        "heard_at_training": "dIv_7.wav"
    }
]